TradeStep,Equity_TOP10_JPY,Equity_TOP30_JPY,Equity_TOP100_JPY
0,10000000.0,10000000.0,10000000.0
1,10080887.008668112,10133870.288348893,10117367.65893389
2,10168188.37118525,10213636.695529716,10229754.949756138
3,10308853.980754588,10266771.951931607,10342809.377181116
4,10402516.119927991,10323288.387222663,10464923.091389341
5,10500705.408153847,10419154.836755037,10590187.065253608
6,10533940.96537266,10536647.223321736,10694980.73475091
7,10703034.19196489,10667681.703541456,10788922.553925946
8,10832150.732156418,10799094.323998876,10920188.459136158
9,10816675.577528384,10857700.335082041,11017215.88639889
10,10871830.937161032,10972586.01730568,11155137.995016333
11,11103346.08260201,11080296.976773178,11234050.761349728
12,11283937.949567303,11241023.569830459,11326482.198500482
13,11456374.354269225,11369883.535042632,11444696.348017693
14,11449650.66676807,11427362.178586973,11519190.01019566
15,11522963.84469656,11489786.747334253,11637595.951377451
16,11506424.739700383,11640187.247696206,11762316.898685718
17,11558004.914165221,11712709.227469787,11828390.356053017
18,11685809.099362765,11825831.139617741,11908334.344156146
19,11915071.43573885,12036074.290539216,12043760.954300538
20,12074626.77066491,12183261.804187201,12211675.341081353
21,12219543.645163814,12297152.413124299,12343979.96066349
22,12375952.035661835,12466342.251977775,12466351.822300365
23,12354127.20546195,12528871.977365995,12576674.624006115
24,12626831.552945258,12750660.614928039,12722600.528338917
25,12722992.548706697,12844369.014926525,12846760.500019621
26,12821209.999663752,12974813.397735914,12958177.75079407
27,13053073.836052645,13115298.165973816,13093634.101997709
28,13136252.075390326,13231607.199100042,13205155.320812557
29,13267830.983927043,13376652.043760566,13358316.752995605
30,13486648.817122266,13551715.937191637,13489632.487027664
31,13660412.59312474,13663668.357811263,13609512.956066571
32,13713562.06240562,13807855.744703544,13764709.277118921
33,13835843.761327451,13923252.236189324,13884239.185773589
34,14061872.07436469,14094410.741264816,14047782.934242185
35,14305320.69632977,14342911.37251556,14192912.946358912
36,14333287.132292682,14550272.608125048,14373021.71126317
37,14498407.842214301,14719266.68996503,14491990.519614475
38,14618871.509092128,14839260.343633438,14645934.785256416
39,14853212.733109273,15053167.751915311,14802289.172548743
40,14877159.91558453,15187462.725989755,14925513.826771542
41,15007982.820875064,15359715.396656163,15137642.359758593
42,15263811.703199293,15552133.207576558,15317066.341243094
43,15446818.680123089,15662374.947052708,15488974.39420985
44,15541815.23717707,15747706.651025603,15611784.130896151
45,15619924.402226305,15814158.776405336,15768843.17142194
46,15797923.646959893,15914122.899429359,15911376.534948366
47,15908639.765053632,16029703.431532806,16083796.582821768
48,16065024.59761751,16224664.925057195,16295876.013079988
49,16194418.750889713,16471442.538619254,16447258.482158555
50,16417309.988589415,16647193.471807854,16591610.265804276
51,16595521.282692932,16840564.671496112,16787691.191893023
52,16851708.95393513,17063356.223362878,16971086.81017289
53,17155997.75704279,17178044.16573659,17140240.986551754
54,17424151.75435761,17358999.262745395,17341989.177450757
55,17461684.79833928,17542188.906283572,17522773.18833631
56,17598135.719636694,17740553.308092732,17739569.077171873
57,17659902.901211806,17832824.4668511,17874151.901397094
58,17935510.25306393,17944776.04857925,18066088.99440514
59,18136293.41861663,18226920.838484693,18285634.889101427
60,18344784.754883077,18469039.729262754,18474999.78117695
61,18528589.180082887,18733340.186702814,18686424.971290316
62,18690392.250676744,18889109.99642362,18877423.457947522
63,18700697.341482222,19050153.738637015,19033461.717930853
64,19023500.118606143,19293128.31568355,19242133.210450314
65,19074935.861369103,19468358.06915543,19419241.461247884
66,19407246.85980063,19662213.483586606,19604046.90286407
67,19900338.649655454,19815195.71336107,19862910.795623865
68,20256020.541374274,20104650.78986575,20048392.48384412
69,20583503.317307133,20389777.183697376,20244038.73016368
70,20722254.72021748,20633396.041086774,20465487.329804692
71,20833573.673965007,20872640.751820937,20680262.073996063
72,21087158.336065855,21052524.474020828,20911141.684605204
73,21224617.89081551,21277299.48394242,21162627.597835187
74,21445122.426992197,21591653.416565668,21369721.438031767
75,21683459.073386583,21914154.951850466,21609676.0448225
76,21876892.499317564,22132961.219199803,21820342.115717284
77,21882120.213910796,22332445.33604204,22061798.557211608
78,22233604.107474662,22639625.346464958,22301095.129194386
79,22521388.929376002,22998397.26291212,22615139.186491422
80,22862108.99981156,23296919.549784724,22896104.632731725
81,23261473.947985042,23598731.369468354,23208762.920875847
82,23493301.28507426,23835023.4598974,23382421.76013509
83,23596472.591954254,24074672.29360573,23632872.31627401
84,23898183.605167948,24391230.43716144,23866299.141048834
85,24157650.79596185,24734102.63489559,24116086.67395075
86,24408572.10086599,24992861.108150683,24361331.087291054
87,24662048.40931939,25229816.68604921,24622121.629762124
88,24970924.316341467,25449219.018993184,24885612.207456574
89,25047394.927075896,25641934.760561563,25096370.793239716
90,24943367.704803668,25775144.11695006,25363369.00024653
91,25088125.33535641,26089084.777741466,25693602.81860102
92,25253120.38461269,26257770.73830857,25936598.668513775
93,25413361.350788813,26578346.005399544,26180430.02981013
94,25823490.11279647,26968161.298930362,26562705.935882
95,25874552.731537376,27205667.24594841,26901666.30070181
96,26254991.32518179,27412799.620747752,27188691.09549972
97,26415148.53354438,27705043.24309007,27467547.93667348
98,26846273.593255468,28158926.517909657,27779258.144826695
99,26980438.073965408,28319851.094750978,27972333.58611512
100,27228245.22464237,28530937.104448922,28234017.49217315
101,27689666.437179066,28846636.413226385,28581668.946520485
102,27979798.715074964,29162392.517063916,28857171.64354353
103,28172528.312365934,29466040.092714977,29102839.163607147
104,28602275.73726881,29878484.28761641,29425422.658319224
105,28917208.1583351,30156227.5669697,29688161.91374705
106,29492090.11765427,30671660.783506505,30059803.269194193
107,29936242.81239517,31013495.638115264,30322340.84528613
108,30333606.122857634,31446856.854743637,30630272.616600905
109,30476157.025713045,31727423.80055515,30949598.181711245
110,30901438.94024014,32236045.1592065,31346922.81557915
111,31214771.15419579,32532728.39739768,31702355.31271244
112,31601765.59702504,32947386.578971636,32080347.869851068
113,31912164.875130676,33225799.944749292,32382559.259472527
114,32256174.45642156,33583160.82486402,32761592.448398177
115,32598631.373222686,34018888.961222865,33210933.845042
116,32709540.382146437,34251365.15767877,33538247.0541422
117,33105434.12338635,34559357.27406429,33748869.468188174
118,33784310.1283994,34915667.93986095,34044999.917979635
119,34028395.10471245,35221336.505868666,34389897.91148881
120,34231210.65348657,35699730.02557578,34798820.76746095
121,34733319.599793084,36138488.87586894,35160072.05817235
122,35260584.12818246,36772956.08894649,35600914.819737084
123,35608712.12028377,37141870.06205526,36041871.97738645
124,35812039.659856364,37504161.05612523,36407463.77706214
125,36270937.04417422,37860181.22947908,36791693.69591897
126,36458644.87824506,38255678.71148957,37096655.47546156
127,36918693.83420909,38678677.53268977,37550773.87254888
128,37306326.78965366,39059537.150401436,37912919.02242327
129,37543647.26009753,39445441.03707342,38345034.433636785
130,38015905.75631605,39925214.325635776,38710151.99280232
131,38076753.63411611,40079293.67310953,39080751.534112595
132,38265115.473511934,40433409.32767655,39457058.66015177
133,38945198.32763765,41098855.676104166,40017919.264813736
134,39537825.945416674,41543093.2663615,40419774.589376375
135,39741011.06554836,41877829.79626759,40748822.65401626
136,40336319.13292719,42310118.18457466,41138666.315110266
137,40829817.18302185,42688686.21402852,41590565.38541469
138,41191229.48981483,43069602.98913271,42109866.26696573
139,41654862.71563668,43465950.162624046,42554552.19961482
140,42153906.378770754,43882715.07438767,42888842.71537003
141,42796237.88921593,44366117.29743754,43382569.982431285
142,43873758.030767694,45113295.30574499,43846130.996339716
143,44147882.66544055,45513137.13930984,44289317.26097382
144,44683080.353454635,46317622.154545516,44678160.624159366
145,45083233.38046303,46788341.72100831,45172984.828254424
146,46023417.36909063,47403869.67077833,45577702.275646456
147,46867864.51478803,48150277.23302646,46004920.491114296
148,47126226.92909949,48610432.156622015,46588846.920643285
149,48094355.84602558,49154050.882798515,47110861.60152171
150,48602397.88363865,49813871.93050716,47596265.44659646
151,48618770.15939181,50205671.763703026,48092314.161168255
152,48966772.98985668,50759073.398177736,48588737.75868957
153,49704718.28908186,51250532.0338224,49204536.64601834
154,50611417.84360345,51884255.37459102,49699120.28201256
155,51144972.31891047,52401153.37635985,50212277.55253065
156,51491986.17439184,52749638.844700284,50683263.534491025
157,51684346.15476649,53028013.21813091,51028285.237081006
158,52042185.61455692,53410793.55314596,51582054.807990685
159,52188449.66209133,53997793.91475889,52181648.87042323
160,52892644.66395038,54534105.91044788,52665845.335308805
161,53166513.99383041,55029208.367976956,53228512.61768598
162,53549519.25253838,55248367.10160154,53630938.471160464
163,54009036.14784319,55808753.54203106,54311373.60859619
164,54494339.518684715,56392133.80547785,54727661.47806055
165,54991800.747157484,57160147.53596062,55380648.878262416
166,56079447.35561554,57868431.88184805,55959188.39434921
167,57065602.23959087,58624800.61368046,56459194.9896003
168,57756970.638112366,59145752.30707626,57034626.00908346
169,58209023.15360187,59743134.15133543,57494421.16515535
170,58788986.744529895,60652777.99005005,58310748.17847782
171,58819526.714420624,60994186.35546617,58923715.77070171
172,59033749.79924373,61440428.13909835,59384168.9249464
173,59485399.38663976,62252422.418112926,60041621.03364086
174,61093231.31241754,63116310.655093156,60745224.214173734
175,62430712.18355677,64032711.41922924,61626137.0109917
176,62958520.30593571,64511396.10009653,62105073.159479156
177,62832451.96656563,65012046.404966384,62849105.59574637
178,63333752.714282274,65681835.67044384,63442351.78375047
179,64194240.66953415,66533056.623421445,63918030.49722083
180,64669136.106850274,67048379.34951038,64347981.88008428
181,65857536.91587874,67974827.68304396,65091342.00411659
182,66669447.492337406,68908191.45039576,65635391.3511977
183,67332218.42711578,69794421.14119399,66434965.17310558
184,67269513.88591953,70437026.7590212,67100378.36024913
185,68154839.88441308,71228027.17140342,67886859.52351573
186,68342788.08507282,72073419.80000937,68684020.40269712
187,68614575.36315382,72630341.59309186,69302430.94010073
188,69131637.35625634,73755616.31210844,70183922.2231779
189,68612341.78369822,73919475.2940408,70741862.97703226
190,69565957.11796658,74243333.17385542,71204111.18992835
191,69378996.79910284,74465253.99011752,71854508.30720982
192,70168096.73575364,75125170.5215393,72398507.19724172
193,71893049.3821974,76650513.17433362,73497434.30155617
194,72730782.6297326,77492896.67655371,74234300.82546614
195,73442938.48566285,78254677.35930319,74890955.49593383
196,74337306.46554849,79114040.57529669,75636789.45791277
197,75351341.70606993,79431514.43082839,76456511.3654287
198,76585153.4614329,80266183.94361976,77485171.81143533
199,77011119.36702923,80867026.5545539,78136820.27327201
200,77103078.64387378,81235670.39219472,79104729.8504124
201,78082971.46408848,82097117.21283728,80071447.49715583
202,79172268.51655655,83219780.8473962,80941869.0354315
203,79946347.33276846,83929660.38211854,81751025.33767353
204,80457547.55341475,85006281.22961585,82506175.14351343
205,81232511.49300703,85707998.56296596,83287604.67402208
206,81672001.35974033,86369242.17823452,84047246.34270939
207,82214636.05355355,87407445.66284679,85066522.42332317
208,83073024.0667901,88101744.39995383,86055270.64528748
209,83747481.02340539,88908031.43838306,86881748.73027897
210,84072051.3941792,89777515.54677565,87779253.31118816
211,85094392.45003025,91274588.27696115,88847095.47792992
212,86048446.42008126,92254699.69331318,89844009.23572505
213,86306037.25288479,92923030.75316301,90838652.03488305
214,85797748.84550968,93120361.08552104,91781484.04861799
215,86821867.4155866,93584558.51657733,92518308.45019561
216,87696557.35611318,94718398.00657274,93339494.76556754
217,89715325.0683036,95866228.53250556,94490375.6747233
218,90984110.67746603,96786973.38806994,95299385.34869999
219,91134220.51040909,97652493.70445687,96097567.14755005
220,91522744.46034047,98771903.01127733,97330129.483604
221,92983118.51004407,99883222.25869027,98209449.88765214
222,94328320.60388868,100521745.02813935,99070366.49279025
223,95389845.96867366,101643279.2307693,100307028.3426095
224,95418028.0493872,102743649.82892811,101386106.90425633
225,96590371.59937622,104317415.40977861,102276450.43404095
226,97867037.72421606,105460645.04812743,103229378.47872066
227,99213158.58779371,106755899.92103136,104268411.32141227
228,99200364.62346685,107706238.41394772,105298841.1218697
229,100150270.86419235,108935188.44475318,106235212.49591771
230,101255528.37822597,110129078.04402855,107359768.62515874
231,102136640.42821044,111784676.62984857,108466181.65907444
232,102604088.63828255,113252910.88343155,109823102.48811142
233,104372991.53847988,114345923.07378812,110930573.26035395
234,105446081.8264465,115184593.02028942,111858999.1771129
235,106641277.66931042,115816035.19330133,112980996.268329
236,107633317.22263598,117185099.19999076,114130972.62983167
237,108741692.75737311,118481730.7441168,115254138.93070798
238,111203029.87463883,119998902.62050271,116285323.51721933
239,111533209.05985935,120701718.40898977,117456043.43713345
240,114271103.23200198,122514577.15627813,118795871.23937385
241,116774093.21417774,124426109.06101216,119887103.46805255
242,117891141.5121641,125615186.71113805,121282976.82874428
243,120245999.6491743,127321929.37789789,122646165.53343505
244,120537551.38476755,128297585.795704,123356282.17271113
245,120108990.5564186,129334481.50217114,124312747.49339458
246,121696110.4580303,131160729.37451449,125837741.87219581
247,123069324.5993277,132544206.68620369,126973766.37412325
248,124907027.54286927,134109531.35537714,128558351.31670712
249,126124525.53789541,135843966.79416662,129709492.0140429
250,126845627.15437496,136077850.12769488,130705195.55697426
251,127659406.70565952,137649973.35157543,132531647.66797693
252,129314924.39580165,138783639.18476343,133905660.35404943
253,129630340.15025547,139039459.69243002,135034242.82550132
254,130803159.72305064,140785715.87425405,136579019.6678744
255,132491841.3384998,142080139.2615948,137733338.71578932
256,133090428.4046334,143385781.70709333,139487964.3507565
257,134740098.98053855,145063807.03403965,140954774.17305014
258,135842709.51162505,146850474.52438635,143003692.54912052
259,137697872.4386636,149364325.9437898,144936326.64080033
260,138332825.49632812,151237107.55987754,146424150.0218246
261,140645493.98832902,153106555.0157283,148270469.90375945
262,142162195.9751823,154112687.77332574,149430924.05608192
263,143327591.92890647,155779821.4740354,150903855.11181915
264,145955701.3962932,158267060.82404283,152799454.76961538
265,147070099.90593022,160022268.16880372,154345956.73760733
266,148026301.01630595,161292109.51100963,155655025.73795277
267,148786049.2179731,163265248.7645143,157510432.22098902
268,148829050.8734083,163574261.18512762,158983972.10613993
269,149942794.12388724,165297751.33754,160757748.53233844
270,152197348.09433335,167309886.36340877,162644867.17948288
271,153684378.97687677,168963142.52402312,164534562.312118
272,154780144.13793623,171605036.18943706,166503241.83362117
273,155976471.35567462,173587508.7409156,168394641.2372753
274,159093021.79478124,175498019.9529824,170253393.1805379
275,162035847.92086926,178397917.21752283,172242258.0017529
276,164547731.50576094,180732835.88420564,173917478.68241635
277,166292499.78622264,182279210.49753127,175520582.88447058
278,167917724.93119124,184383312.2942732,177224268.80344245
279,170898047.8969671,186702950.42437607,179002163.96368223
280,173786772.40869522,188961106.28550586,180769451.68189937
281,174665888.1491769,191921735.2944305,182945212.16644165
282,177851609.4851538,195206294.6629072,185289435.06433076
283,178073374.2582873,195722640.47107565,186581071.64100882
284,179625632.1191101,197884555.6730635,188397542.57208937
285,179233455.6811375,198159130.40059012,189781725.44830778
286,182668628.90816128,200295902.81804106,191645688.28382143
287,184571719.86423388,202203182.84433928,193843531.92455477
288,184164827.6937877,203415308.62349743,195742300.57900628
289,186504862.50528044,204914109.6911929,197266053.63581333
290,187590986.82574514,206715039.7084562,199120196.0746409
291,191001676.23510945,209616755.64760855,201343653.34123993
292,191711645.3807231,212031649.55316034,203518032.3935144
293,194141648.40266943,214916774.25309682,205933612.95086172
294,195498669.6460282,216233382.51525658,208268290.1742616
295,197472895.69419524,217637886.38718155,210412684.27324858
296,199797557.7933079,219708906.08492807,212181071.1050206
297,202826606.86754626,221726223.88205695,213954903.75337657
298,206820017.396957,224823026.9458341,216914186.63766518
299,210765677.3162474,227090963.5423744,218729141.19262987
300,211543711.98344097,226399364.09540683,220255056.33765736
301,215704607.85809755,230400195.31446218,222690045.4232149
302,215271165.07391065,231026705.68866402,224154799.8740167
303,218176763.98150167,233721939.46346667,226511843.10182562
304,219735055.12709382,236735394.24411985,229310590.23647454
305,221726931.03313765,239259778.42049277,231268152.55667627
306,226023455.1916513,241735914.55973202,234050946.93157548
307,230771566.31623703,245754311.19207716,237189345.69237933
308,232005544.9356482,248269124.89791942,239171145.5365278
309,232028449.99703026,249380223.20360753,241395822.96929047
310,232488828.671777,251231595.80370018,243269628.15311393
311,233178390.77661884,253661372.19798726,245271034.3892811
312,235710640.33424988,256330519.53345266,248157932.88878122
313,237635577.26690778,258549876.7386481,251046720.34387353
314,239554869.30102175,261025692.550096,252915324.93607745
315,243332014.83454716,263563995.64324886,255485448.51431853
316,245710163.23307422,266540096.256667,258881972.28370067
317,247040355.37763137,269025937.3071502,262070923.48033285
318,247892921.04662827,271025689.56633395,264435959.8368644
319,250221340.4416918,273256698.2996972,267108890.69816706
320,254259524.23381847,277189878.22257876,269627205.2635428
321,255056858.01165712,279998720.7676316,272499686.18170553
322,259082869.9030773,282836192.3205884,275241328.19129413
323,260524969.56983975,286579740.7706707,278234942.322992
324,262660203.48114046,289112509.880277,281070974.0341858
325,266663279.11771178,291841060.2789724,284118829.2443586
326,271088429.2050627,296642072.4764787,287366603.7568225
327,275509123.9739951,300063127.2662464,289943727.4266529
328,278776212.6567424,304888715.87682486,292609575.7704022
329,279571879.1964296,305948283.81102514,295113333.5575619
330,280190133.03482133,305911639.4680137,296447594.3337592
331,285166536.05549985,309806859.20786124,299402977.38193953
332,288452358.95418024,314215400.6113151,303111770.2420628
333,289769042.7605767,316479004.02319086,305371662.0415055
334,295392678.1004894,321131574.3373389,309384536.1994078
335,297275111.7749102,323037351.94783944,312401812.93123233
336,300919721.82814586,326558011.0327682,316328464.1270992
337,304991462.88866603,330759707.20124656,320274989.1874478
338,304155530.86357874,332755772.9059885,322970264.01115257
339,306471993.82888854,335885402.0315789,326902932.9093317
340,312369239.8634147,338769520.52990454,330786432.4618383
341,316433050.97484165,343482295.3843881,334929250.2983891
342,321957078.13034266,347725303.1826793,338351283.51627654
343,325468803.68714917,350320048.75005615,342555037.0213658
344,327835705.6940508,352394990.9044756,344874566.61353934
345,333184977.243784,356701358.1057843,348603999.0422983
346,333645815.2846613,357782258.01636654,351786105.3562979
347,334727374.6710284,360328079.43602616,354841705.29379034
348,341215685.28321266,364203612.00496686,359735459.8013225
349,346830952.96004796,369561173.06848013,363792369.6369853
350,350640659.0001362,372420349.52831334,368081163.73092383
351,352831108.71269554,372921510.1758498,372101506.40410155
352,360622729.861336,378557707.0507989,376229250.9953562
353,365392719.8183638,383470386.5193307,380874799.2561682
354,373201121.7998392,389518998.6583029,385466251.3293715
355,377888856.03151184,391769410.25340223,388901705.4354452
356,380618646.0575545,395254123.61596435,392793199.5993013
357,383240949.1792885,399354664.47509134,396629879.5419704
358,390758051.1353171,404386385.8433486,400598075.7895323
359,392524279.0833282,405818937.79775876,403941374.6468049
360,398539994.9807079,411324087.01903665,409064759.618028
361,402148745.08130985,416137968.1284946,414467642.61968315
362,409338011.5007645,422368095.9057202,418874855.3678045
363,411197506.9696251,425566819.8175734,422117988.2463763
364,417140926.1018705,431058085.5413806,428290743.8603153
365,421567360.4791929,437596531.2915955,432997354.2642426
366,424427595.16113424,441678577.6647704,436326522.6472314
367,429477970.84097356,446644049.8988722,442918489.6649987
368,433121267.600072,451593941.297581,448092595.5441545
369,436867774.90369564,456663203.41456354,453448240.93687105
370,435083472.28812754,458696899.6139425,458601939.9658008
371,439103401.29048353,464246737.6968229,463278986.9719966
372,444724424.9005097,470701992.0767457,468305322.6915424
373,450775471.2691431,476086345.8403114,473089318.5242258
374,456486071.36611825,481642544.73864573,477360466.4327024
375,460801902.4552041,487506486.39729863,483717470.18335146
376,462874629.4024481,491306550.7428183,487922150.2661937
377,465828947.3676043,495705886.0999735,492163679.283829
378,471186907.6076935,501830608.9498055,498765667.6451839
379,471109726.5338298,506546429.83028024,502938504.75382334
380,476627027.6464071,513506783.5496825,508534423.3983373
381,477362377.607144,517419803.93182,512844643.01654893
382,483402380.6751227,520944502.46271515,516523557.2293589
383,487691614.5471014,527737690.2039182,522953859.45294046
384,489251515.0233286,531191952.96384096,527287202.0394485
385,496022935.5590692,539120046.7328066,533041347.0148228
386,503738436.15263194,546503616.8298298,539897097.9142575
387,508132629.9148932,552593576.2391626,544751818.5717359
388,512282303.6998698,558492606.5294057,551149646.3549142
389,515378512.447931,563913164.5281097,557634475.0153848
390,520299018.69907975,567335317.9496468,561457344.8574041
391,521851989.77655125,577779916.9091482,568793445.5679643
392,521603174.6766024,584582266.0557775,576055962.4899544
393,530980665.63557214,593208581.0909102,580670539.2623394
394,537795945.8129443,600699087.6980718,587640792.7369922
395,538997116.6999481,608633343.5916231,594250961.4955713
396,543025809.248708,613440695.693655,600492007.3923395
397,549267428.0712795,621849830.6433238,606345610.6412883
398,550971292.1168784,624634772.0078413,611147230.0226927
399,559131000.7987344,629700818.8933686,617920454.6836004
400,566508058.7555016,634447848.4580554,624512345.3048841
401,569472780.0090684,639569821.1250906,629929125.6425804
402,570119795.4125539,645470030.2066884,636514129.8792775
403,578151146.3039699,654334449.1122369,644815812.2793409
404,582766893.4907646,660930257.5552604,650934861.3733268
405,589210966.6909474,667822836.3812481,659120979.9763215
406,596530605.744177,673745161.4569283,665763787.026487
407,598119226.5498269,676958650.8681139,670443112.8385866
408,604081110.560458,684777201.5268621,676269807.0006884
409,609266784.0668077,692602514.2031122,684513986.0672728
410,613715925.2614928,698609271.1610228,691351708.1523808
411,619197840.2798815,704548568.0533168,697268241.3254244
412,631209775.7921643,713369515.0558441,704748615.8590963
413,637836839.3037435,719406972.3054205,710689767.1535623
414,643049155.1361912,730424338.137857,719757374.5713973
415,651375530.7806119,737087438.6658437,727835246.7199249
416,653390552.9336691,741619467.1219271,738796000.8687898
417,658347192.0268915,746536860.2863834,746629364.4710575
418,663999594.2467933,750000437.1465726,752991202.5470561
419,661662551.1660341,753635336.9835756,758121366.125084
420,671370777.4413065,762249439.6033841,768147662.1144487
421,680365603.5687662,769713039.5628692,776482362.0482944
422,693593745.5663084,776665024.4184285,784990297.2260287
423,703006741.9594891,787473948.3853828,792613986.3848251
424,706077844.6162747,795528079.0302178,801739954.7278883
425,714428605.792127,802900004.5788771,808732606.5318561
426,728971315.200953,817255564.1193311,818440388.2040627
427,742292358.2116239,830030668.9461784,827500984.1765902
428,747625192.2719071,838734152.8489257,837704748.1326705
429,759361587.3116226,853139611.7962444,849662058.6914945
430,764615121.0338999,862962126.6110412,859842419.0198101
431,780986541.9576291,872698307.5806165,865320834.7792251
432,791201596.4069563,878137778.9661579,872140778.5093497
433,803517184.8170455,892225477.7205887,884302611.8582015
434,818682533.7588065,902059190.0331537,894863187.9609886
435,827921717.4438587,909431912.5419316,903421302.5428921
436,838868178.1079566,918115679.1739752,912765488.6213162
437,837526919.2151341,927936990.6286294,924196741.860959
438,849205496.3222969,937773896.3737451,935563723.8233613
439,864450168.9804219,950185259.2146273,945947964.1588358
440,877595816.7530407,964715305.3013968,957020040.1500021
441,895322720.9992168,977778255.6302412,967811729.3585507
442,907459978.5587689,988562471.1741468,974501905.3294619
443,918767383.8166896,998980859.5367686,985603575.2006689
444,938872080.6684232,1011969149.0306209,997094078.4168105
445,942186490.5077428,1019049748.7605352,1007270762.6657331
446,952952009.481077,1029565106.0556803,1019676667.3038477
447,962915012.3433509,1042246654.478198,1029762292.80458
448,967866185.8416611,1053821349.3504518,1040977346.9559301
449,985428804.6062162,1072466546.9865288,1052482560.6562624
450,994963540.9688551,1083091303.830002,1062669110.3613081
451,1008998093.3349439,1098801335.324011,1075655673.5233288
452,1017971636.1894517,1109787926.5237308,1086348189.3936248
453,1024042756.5889003,1123148040.9246294,1096245215.4263213
454,1031707802.7394795,1133536400.3840048,1104097626.4345806
455,1047594161.347817,1140313323.7378004,1115203013.1985872
456,1055655682.5492606,1150655579.477979,1127798709.7408998
457,1065124086.1260079,1160071581.1910353,1138272583.2193515
458,1084362151.879867,1170003133.5447907,1149491895.3415496
459,1088929599.5620315,1184272463.7501216,1161589469.870528
460,1115623887.2464998,1203367289.513423,1176589050.8570764
461,1121412222.3475995,1211666689.0388737,1190833106.1824636
462,1124374961.155815,1219829379.2822673,1206209167.40818
463,1142147270.1331115,1236134298.0340924,1219445003.408094
464,1158684592.6172502,1248183572.829469,1232330171.264393
465,1175002767.4684901,1259279543.7695496,1247015551.653701
466,1180963875.472086,1267743176.9523094,1257270291.9860983
467,1202114083.5764658,1281425685.6432745,1268644366.8159304
468,1224977666.8717184,1296491319.3763304,1279850641.5894923
469,1237747759.1220117,1309287943.0997074,1292929740.5192645
470,1264344837.8024664,1330935009.2848856,1304303940.7431805
471,1296895502.9343104,1348882687.133939,1313549556.298065
472,1315147310.8471465,1364727740.240797,1326509375.4643939
473,1329703961.759323,1376506361.2728844,1340931097.4971333
474,1347208417.6252234,1390889091.6093776,1355105655.2261927
475,1374472265.119859,1400204379.5037544,1368947041.6785824
476,1391624738.9628496,1416443635.419524,1384189623.845521
477,1393165037.0210862,1420787162.4313822,1396701624.7854106
478,1404727173.5716271,1440245516.1316037,1416353015.9126372
479,1418330822.6044927,1450933661.5254471,1429556086.4292088
480,1431976145.5797317,1473157557.1384258,1445018775.7938645
481,1444408650.64775,1489044628.4100654,1461749396.867938
482,1472758291.595487,1513390237.927738,1477011414.214974
483,1490179079.9931216,1533530327.2308707,1493599544.3253655
484,1499867054.510843,1542321814.837093,1505454812.7066152
485,1522062522.8413455,1556000144.4506338,1518775977.7394614
486,1553288808.2287865,1576055475.7627165,1538771693.999989
487,1560926128.3136535,1585681588.2397738,1553230321.9736598
488,1582006813.8463137,1604962883.5891166,1569027280.8100798
489,1601943296.3904877,1620480161.5644486,1587915816.2574675
490,1621071396.3009431,1639116487.5499864,1606814686.7856228
491,1638440594.333872,1653031802.3220599,1619965652.175246
492,1645700310.9524045,1665625413.4284558,1634132248.7436612
493,1663047559.7377193,1680079327.728578,1647491421.081941
494,1651333664.4049082,1687084955.3972163,1663850197.9897397
495,1671132199.8098295,1702384832.3495846,1680443990.5118613
496,1695013499.748991,1720709539.6089172,1697339058.1356072
497,1717571676.3899775,1734351872.7558062,1711756232.4349186
498,1751033837.701752,1760105246.616298,1732437435.666484
499,1754021344.286137,1770777374.812092,1751162310.9291568
500,1758377813.7711456,1782116696.1575816,1766064686.2099602
501,1771099327.0567775,1797081273.3419237,1778485707.683394
502,1796770212.2189236,1815403970.1276724,1800458575.2068658
503,1816113695.0068352,1831249797.9753025,1819448241.052614
504,1846187624.917747,1859909650.8993406,1842526915.5376432
505,1880705395.156457,1892403311.1212728,1865808973.4332135
506,1907763977.1883066,1917808206.0152698,1890157589.5809531
507,1938029902.4446416,1943274417.5293589,1912767726.1409657
508,1965035696.8455896,1966551362.7364056,1932171266.8904748
509,1998981206.9704115,1996491824.1838634,1956429744.9565573
510,1998059371.127906,2010398069.116251,1973372363.180913
511,2005396717.4363012,2022271268.9151182,1986982736.1606703
512,2027606435.0118272,2041682362.3372202,2003110093.294246
513,2061028552.8986487,2067957557.1045742,2023262480.2366152
514,2087339631.670649,2093263919.4014866,2042104415.9601357
515,2105747760.1953762,2111611259.151678,2068053079.3470936
516,2140499320.9777522,2142851579.8468256,2091687539.0772789
517,2163555155.778629,2163722277.813371,2117651322.573486
518,2182548975.9636965,2189259732.172974,2138417359.8548155
519,2186919553.9871354,2209050400.995549,2157265221.542349
520,2235087664.2979436,2237487226.798234,2180659892.475548
521,2235513528.0579205,2255051280.693457,2206851966.2988167
522,2277041368.3129616,2283185093.200452,2229195012.507669
523,2316901733.0997953,2312083426.092796,2256877409.7192807
524,2341794636.4262495,2334395201.754868,2281679461.3527126
525,2328419981.0541415,2354888864.35383,2301973688.1514077
526,2360088599.018787,2372149169.1349797,2323526371.2170057
527,2364786124.243755,2394475822.1615906,2340492418.8145695
528,2378028154.5050683,2414165796.876083,2368575730.0629506
529,2388947637.56552,2432740201.4377785,2384295492.1386023
530,2415503721.965531,2457838343.0514727,2410658391.6842723
531,2432601479.9009986,2485910002.840036,2435946119.110672
532,2466924991.80251,2515570012.7069845,2467223968.134763
533,2497704979.2563796,2542965476.642756,2491374551.7815137
534,2527186908.0271726,2585875892.525671,2525865276.81902
535,2569821620.664013,2615605844.0106754,2554695017.044904
536,2581648114.9753885,2625048779.342857,2572224655.6107273
537,2612795226.0641866,2649926063.8606086,2600074419.482649
538,2640466419.3579726,2676032480.94158,2623293728.6248064
539,2686320388.619913,2705025936.27405,2645845834.659523
540,2707445463.754112,2732538830.1258526,2673119948.8973594
541,2710833652.22324,2759689318.1451626,2699861372.2844915
542,2742033863.92384,2794645738.15379,2728240523.2696967
543,2813510025.6264744,2828060650.3254375,2751768182.5025
544,2839993071.185332,2863812906.9172783,2784684481.8333583
545,2867272287.240788,2905176814.592102,2821644596.869651
546,2909415154.250776,2950580255.031808,2854070990.462123
547,2939171827.330132,2981122459.272885,2878478430.8054886
548,2961450857.597673,3002349268.796853,2902166835.6256847
549,2998573503.858952,3039335809.6970363,2933990375.3526835
550,3019045823.020796,3064540005.5520983,2966396430.879819
551,3077516723.3880706,3098539496.4469595,2998532625.0953665
552,3109809146.3971896,3136122355.1023293,3027370804.478983
553,3137758556.3199224,3170974755.101498,3052590337.82601
554,3193980574.409402,3199542829.367065,3088204998.804158
555,3240716220.909614,3235399715.350958,3116677675.6356406
556,3249013335.124668,3260375954.9770484,3143076125.384619
557,3245871391.056583,3276682563.861407,3175766006.438984
558,3258823088.640643,3291665340.773525,3207194538.713972
559,3309612205.228498,3352096869.2847214,3247346840.2316866
560,3351134810.6625667,3388327116.6630006,3284646004.7797666
561,3373581284.589078,3434212084.9894485,3312904260.495831
562,3433401598.993137,3493641574.9550295,3344256353.3668833
563,3431683396.426711,3520458581.693666,3381659503.4072766
564,3508163904.0303717,3561397764.507436,3416247358.4765143
565,3558980653.4183702,3590634705.013517,3451410397.9225187
566,3583227387.4831133,3615685796.540467,3480124314.887769
567,3600736253.2027073,3647818564.702653,3517320713.9825773
568,3652980835.1044116,3669309493.9597397,3556155908.8523483
569,3676335731.322089,3702680243.770198,3590495779.152625
570,3675313963.0858073,3738877247.469395,3630736714.1325135
571,3744600238.073624,3784319064.207393,3667772293.249585
572,3788005622.9929285,3842309626.1140456,3718960344.8234353
573,3832916657.3784304,3876248590.721272,3758790691.7848763
574,3890673868.26404,3929035607.679144,3815414081.198125
575,3934479715.3820815,3976347814.1227074,3852725106.636379
576,3982162164.433415,4027132640.9012356,3902570957.1979213
577,4032831029.6778297,4069509191.4949713,3942406439.4362397
578,4075859779.3432765,4106668775.147086,3965819264.3771214
579,4107658004.3490977,4148385597.2856545,4013645956.1704535
580,4160849775.327097,4185196016.767861,4057479200.483251
581,4215582602.9526973,4247854633.391374,4098433013.209517
582,4253510955.523793,4302403121.164556,4143856810.937013
583,4316879052.6380005,4338886751.670617,4177093363.115957
584,4350584813.475361,4373504233.896351,4216830544.678591
585,4412917014.072783,4430286112.818444,4256250053.5382195
586,4467980309.226965,4485876452.917817,4310347319.128672
587,4528335669.389272,4566243576.828564,4375023526.241667
588,4584607260.763291,4618446374.583524,4417697380.335267
589,4610345388.242593,4661005722.838237,4450698126.383015
590,4639700336.529908,4721104291.672686,4495881543.275768
591,4735460623.9392395,4780004582.785495,4534123440.776239
592,4788831604.924782,4845727304.137224,4593219468.218797
593,4845996696.123373,4907530293.734521,4633677804.76906
594,4921070084.365485,4968183628.834171,4676282079.372435
595,4973292407.935549,5018508775.087653,4731608851.248812
596,5010927492.237095,5062054653.957122,4766988424.2385645
597,5053956269.023439,5124252638.680085,4810609719.430164
598,5126395636.915065,5189313126.618066,4858453468.994101
599,5221719033.913417,5266054317.860465,4920356465.527041
600,5207648420.094591,5263916051.133663,4961727556.806326
601,5221067436.185583,5296580942.000134,4991768189.892055
602,5223040743.746055,5328702213.405163,5040008921.21875
603,5286999975.469731,5375745077.68358,5084518897.038934
604,5348336587.479427,5422049536.946804,5143418424.930164
605,5416659517.505661,5493636563.655359,5200972178.498502
606,5495888526.366013,5600420039.984758,5270907290.468613
607,5514318312.9877825,5651868020.808548,5320584311.492651
608,5531371932.666506,5696453233.175051,5378609511.112873
609,5563239252.512878,5740332988.935632,5431052099.467228
610,5604906030.742468,5783025122.722695,5471468117.126711
611,5714993578.209438,5845437392.844942,5540760041.63158
612,5788744996.199415,5925719582.4757595,5602932568.004621
613,5928900825.307323,6042102810.284837,5681586222.5015545
614,6038628223.647371,6108639527.749641,5736798443.108947
615,6133356663.20072,6193662009.725138,5800790562.90017
616,6182858268.163565,6238513543.854599,5858089792.946001
617,6288714263.886975,6337717122.688427,5924353166.591457
618,6407882074.034938,6400135719.462562,5991337607.660341
619,6455924541.136579,6474915662.512449,6061858469.204909
620,6594893711.015497,6573020584.606454,6135897535.955618
621,6622121179.530171,6642871087.04464,6207440504.421221
622,6729791469.586156,6734768841.688184,6284327125.473545
623,6791328997.373011,6811337868.974438,6353047882.624512
624,6799301398.248627,6854771010.871002,6390910888.345981
625,6805497522.352398,6900760949.728221,6444415064.278648
626,6879455048.763243,6959800652.681558,6498577342.028352
627,6937941316.625068,7027840784.277077,6560003944.01039
628,7040995681.901576,7093702218.455244,6619492381.795128
629,7144343910.094043,7201098527.230297,6698314526.395524
630,7259748704.242586,7314309671.985082,6777208012.904913
631,7357722248.971727,7370737150.374071,6838237637.305508
632,7446366517.065946,7474990524.087957,6920899804.823842
633,7542271108.532577,7584060722.497286,7007780473.489382
634,7539729904.647158,7602903216.595202,7067171226.536918
635,7555219608.01433,7660674962.6115265,7146366005.704995
636,7616663665.383508,7766303619.753816,7239568677.360589
637,7688281242.235162,7855962449.412962,7314858918.309375
638,7775027621.829755,7996677881.6643715,7411759781.544331
639,7871522367.815484,8075776277.8253565,7464311033.62831
640,7941826305.590088,8168204483.170165,7558412811.910623
641,7965653680.284559,8265313109.853702,7639990518.31469
642,8048237875.930938,8380994395.397168,7733359950.613202
643,8118733108.988286,8443679628.561495,7814045426.916293
644,8158723144.295274,8530611100.217422,7876860684.806699
645,8372164843.646882,8639725146.977455,7968184316.362185
646,8375979410.0798025,8717639555.30778,8050612136.984216
647,8471055530.025516,8809497476.762268,8160476936.155601
648,8603285910.914833,8919014033.380777,8236621138.849975
649,8663377138.502531,8989233848.60919,8314024858.109277
