date,stage,ticker,company_name,allocated_capital,entry_price,exit_status,pnl,return_pct
2026-05-18,08:30 Morning TOP 5,6645.JP,オムロン,600000.0,1141.0,TP_HIT,22020.0,3.67
2026-05-18,08:30 Morning TOP 5,8035.JP,東京エレクトロン,600000.0,5111.0,SL_HIT,-11760.0,-1.96
2026-05-18,08:30 Morning TOP 5,7203.JP,トヨタ自動車,600000.0,1341.0,SL_HIT,-11760.0,-1.96
2026-05-18,08:30 Morning TOP 5,6146.JP,ディスコ,600000.0,2515.0,TP_HIT,21480.0,3.58
2026-05-18,08:30 Morning TOP 5,9984.JP,ソフトバンクグループ,600000.0,5458.0,TP_HIT,21300.0,3.55
2026-05-18,08:30 Morning TOP 5,6920.JP,レーザーテック,600000.0,2148.0,TP_HIT,23340.0,3.89
2026-05-18,08:30 Morning TOP 5,6861.JP,キーエンス,600000.0,5328.0,TP_HIT,20040.0,3.34
2026-05-18,08:30 Morning TOP 5,7011.JP,三菱重工業,600000.0,3580.0,SL_HIT,-12000.0,-2.0
2026-05-18,08:30 Morning TOP 5,6501.JP,日立製作所,600000.0,5859.0,TP_HIT,20580.0,3.43
2026-05-18,08:30 Morning TOP 5,8058.JP,三菱商事,600000.0,5296.0,SL_HIT,-12240.0,-2.04
2026-05-18,10:30 Intraday TOP 3,3103.JP,ユニチカ,666666.7,4025.0,TP_HIT,25933.3,3.89
2026-05-18,10:30 Intraday TOP 3,7094.JP,ネクストーン,666666.7,2884.0,SL_HIT,-13733.3,-2.06
2026-05-18,10:30 Intraday TOP 3,4635.JP,東インキ,666666.7,3208.0,SL_HIT,-14200.0,-2.13
2026-05-18,10:30 Intraday TOP 3,4052.JP,フィーチャ,666666.7,2268.0,TP_HIT,23400.0,3.51
2026-05-18,10:30 Intraday TOP 3,4404.JP,ミヨシ油脂,666666.7,3786.0,TP_HIT,25266.7,3.79
2026-05-18,10:30 Intraday TOP 3,6998.JP,タングス,666666.7,3904.0,TP_HIT,26200.0,3.93
2026-05-19,08:30 Morning TOP 5,6645.JP,オムロン,609232.0,1212.0,TP_HIT,22358.8,3.67
2026-05-19,08:30 Morning TOP 5,8035.JP,東京エレクトロン,609232.0,1012.0,TP_HIT,21688.7,3.56
2026-05-19,08:30 Morning TOP 5,7203.JP,トヨタ自動車,609232.0,3747.0,TP_HIT,20592.0,3.38
2026-05-19,08:30 Morning TOP 5,6146.JP,ディスコ,609232.0,3009.0,TP_HIT,21810.5,3.58
2026-05-19,08:30 Morning TOP 5,9984.JP,ソフトバンクグループ,609232.0,3635.0,TP_HIT,21627.7,3.55
2026-05-19,08:30 Morning TOP 5,6920.JP,レーザーテック,609232.0,3694.0,TP_HIT,23699.1,3.89
2026-05-19,08:30 Morning TOP 5,6861.JP,キーエンス,609232.0,2830.0,TP_HIT,20348.3,3.34
2026-05-19,08:30 Morning TOP 5,7011.JP,三菱重工業,609232.0,5366.0,TP_HIT,23272.7,3.82
2026-05-19,08:30 Morning TOP 5,6501.JP,日立製作所,609232.0,4243.0,TP_HIT,20896.7,3.43
2026-05-19,08:30 Morning TOP 5,8058.JP,三菱商事,609232.0,4486.0,SL_HIT,-12428.3,-2.04
2026-05-19,10:30 Intraday TOP 3,3103.JP,ユニチカ,676924.4,3456.0,TP_HIT,26332.4,3.89
2026-05-19,10:30 Intraday TOP 3,7094.JP,ネクストーン,676924.4,3888.0,TP_HIT,25926.2,3.83
2026-05-19,10:30 Intraday TOP 3,4635.JP,東インキ,676924.4,5699.0,TP_HIT,25249.3,3.73
2026-05-19,10:30 Intraday TOP 3,4052.JP,フィーチャ,676924.4,3877.0,TP_HIT,23760.0,3.51
2026-05-19,10:30 Intraday TOP 3,4404.JP,ミヨシ油脂,676924.4,4573.0,TP_HIT,25655.4,3.79
2026-05-19,10:30 Intraday TOP 3,6998.JP,タングス,676924.4,3784.0,TP_HIT,26603.1,3.93
2026-05-20,08:30 Morning TOP 5,6645.JP,オムロン,629475.6,2703.0,TP_HIT,23101.8,3.67
2026-05-20,08:30 Morning TOP 5,8035.JP,東京エレクトロン,629475.6,4350.0,SL_HIT,-12337.7,-1.96
2026-05-20,08:30 Morning TOP 5,7203.JP,トヨタ自動車,629475.6,5420.0,SL_HIT,-12337.7,-1.96
2026-05-20,08:30 Morning TOP 5,6146.JP,ディスコ,629475.6,1639.0,SL_HIT,-12400.7,-1.97
2026-05-20,08:30 Morning TOP 5,9984.JP,ソフトバンクグループ,629475.6,3911.0,TP_HIT,22346.4,3.55
2026-05-20,08:30 Morning TOP 5,6920.JP,レーザーテック,629475.6,2905.0,TP_HIT,24486.6,3.89
2026-05-20,08:30 Morning TOP 5,6861.JP,キーエンス,629475.6,5398.0,TP_HIT,21024.5,3.34
2026-05-20,08:30 Morning TOP 5,7011.JP,三菱重工業,629475.6,1375.0,TP_HIT,24046.0,3.82
2026-05-20,08:30 Morning TOP 5,6501.JP,日立製作所,629475.6,5979.0,TP_HIT,21591.0,3.43
2026-05-20,08:30 Morning TOP 5,8058.JP,三菱商事,629475.6,4551.0,TP_HIT,22661.1,3.6
2026-05-20,10:30 Intraday TOP 3,3103.JP,ユニチカ,699417.3,5336.0,TP_HIT,27207.3,3.89
2026-05-20,10:30 Intraday TOP 3,7094.JP,ネクストーン,699417.3,1279.0,SL_HIT,-14408.0,-2.06
2026-05-20,10:30 Intraday TOP 3,4635.JP,東インキ,699417.3,2458.0,TP_HIT,26088.3,3.73
2026-05-20,10:30 Intraday TOP 3,4052.JP,フィーチャ,699417.3,4697.0,SL_HIT,-14897.6,-2.13
2026-05-20,10:30 Intraday TOP 3,4404.JP,ミヨシ油脂,699417.3,1946.0,TP_HIT,26507.9,3.79
2026-05-20,10:30 Intraday TOP 3,6998.JP,タングス,699417.3,2824.0,TP_HIT,27487.1,3.93
2026-05-21,08:30 Morning TOP 5,6645.JP,オムロン,641485.5,2258.0,TP_HIT,23542.5,3.67
2026-05-21,08:30 Morning TOP 5,8035.JP,東京エレクトロン,641485.5,4651.0,TP_HIT,22836.9,3.56
2026-05-21,08:30 Morning TOP 5,7203.JP,トヨタ自動車,641485.5,3202.0,SL_HIT,-12573.1,-1.96
2026-05-21,08:30 Morning TOP 5,6146.JP,ディスコ,641485.5,1364.0,SL_HIT,-12637.3,-1.97
2026-05-21,08:30 Morning TOP 5,9984.JP,ソフトバンクグループ,641485.5,3303.0,SL_HIT,-12829.7,-2.0
2026-05-21,08:30 Morning TOP 5,6920.JP,レーザーテック,641485.5,1816.0,SL_HIT,-12958.0,-2.02
2026-05-21,08:30 Morning TOP 5,6861.JP,キーエンス,641485.5,4671.0,TP_HIT,21425.6,3.34
2026-05-21,08:30 Morning TOP 5,7011.JP,三菱重工業,641485.5,1325.0,SL_HIT,-12829.7,-2.0
2026-05-21,08:30 Morning TOP 5,6501.JP,日立製作所,641485.5,4465.0,TP_HIT,22003.0,3.43
2026-05-21,08:30 Morning TOP 5,8058.JP,三菱商事,641485.5,4758.0,TP_HIT,23093.5,3.6
2026-05-21,10:30 Intraday TOP 3,3103.JP,ユニチカ,712761.7,5687.0,TP_HIT,27726.4,3.89
2026-05-21,10:30 Intraday TOP 3,7094.JP,ネクストーン,712761.7,3774.0,TP_HIT,27298.8,3.83
2026-05-21,10:30 Intraday TOP 3,4635.JP,東インキ,712761.7,4000.0,TP_HIT,26586.0,3.73
2026-05-21,10:30 Intraday TOP 3,4052.JP,フィーチャ,712761.7,2596.0,TP_HIT,25017.9,3.51
2026-05-21,10:30 Intraday TOP 3,4404.JP,ミヨシ油脂,712761.7,4674.0,SL_HIT,-14968.0,-2.1
2026-05-21,10:30 Intraday TOP 3,6998.JP,タングス,712761.7,4755.0,TP_HIT,28011.5,3.93
2026-05-22,08:30 Morning TOP 5,6645.JP,オムロン,651610.3,4975.0,TP_HIT,23914.1,3.67
2026-05-22,08:30 Morning TOP 5,8035.JP,東京エレクトロン,651610.3,5797.0,TP_HIT,23197.3,3.56
2026-05-22,08:30 Morning TOP 5,7203.JP,トヨタ自動車,651610.3,3728.0,TP_HIT,22024.4,3.38
2026-05-22,08:30 Morning TOP 5,6146.JP,ディスコ,651610.3,2646.0,SL_HIT,-12836.7,-1.97
2026-05-22,08:30 Morning TOP 5,9984.JP,ソフトバンクグループ,651610.3,3731.0,TP_HIT,23132.2,3.55
2026-05-22,08:30 Morning TOP 5,6920.JP,レーザーテック,651610.3,1935.0,SL_HIT,-13162.5,-2.02
2026-05-22,08:30 Morning TOP 5,6861.JP,キーエンス,651610.3,3282.0,SL_HIT,-13032.2,-2.0
2026-05-22,08:30 Morning TOP 5,7011.JP,三菱重工業,651610.3,1467.0,TP_HIT,24891.5,3.82
2026-05-22,08:30 Morning TOP 5,6501.JP,日立製作所,651610.3,4805.0,TP_HIT,22350.2,3.43
2026-05-22,08:30 Morning TOP 5,8058.JP,三菱商事,651610.3,5288.0,SL_HIT,-13292.9,-2.04
2026-05-22,10:30 Intraday TOP 3,3103.JP,ユニチカ,724011.5,2410.0,SL_HIT,-15493.8,-2.14
2026-05-22,10:30 Intraday TOP 3,7094.JP,ネクストーン,724011.5,2351.0,SL_HIT,-14914.6,-2.06
2026-05-22,10:30 Intraday TOP 3,4635.JP,東インキ,724011.5,1456.0,SL_HIT,-15421.4,-2.13
2026-05-22,10:30 Intraday TOP 3,4052.JP,フィーチャ,724011.5,4293.0,TP_HIT,25412.8,3.51
2026-05-22,10:30 Intraday TOP 3,4404.JP,ミヨシ油脂,724011.5,4152.0,TP_HIT,27440.0,3.79
2026-05-22,10:30 Intraday TOP 3,6998.JP,タングス,724011.5,2908.0,TP_HIT,28453.7,3.93
2026-05-25,08:30 Morning TOP 5,6645.JP,オムロン,658970.0,2949.0,SL_HIT,-13377.1,-2.03
2026-05-25,08:30 Morning TOP 5,8035.JP,東京エレクトロン,658970.0,5476.0,TP_HIT,23459.3,3.56
2026-05-25,08:30 Morning TOP 5,7203.JP,トヨタ自動車,658970.0,3719.0,TP_HIT,22273.2,3.38
2026-05-25,08:30 Morning TOP 5,6146.JP,ディスコ,658970.0,2434.0,TP_HIT,23591.1,3.58
2026-05-25,08:30 Morning TOP 5,9984.JP,ソフトバンクグループ,658970.0,2849.0,TP_HIT,23393.4,3.55
2026-05-25,08:30 Morning TOP 5,6920.JP,レーザーテック,658970.0,4108.0,TP_HIT,25633.9,3.89
2026-05-25,08:30 Morning TOP 5,6861.JP,キーエンス,658970.0,5756.0,SL_HIT,-13179.4,-2.0
2026-05-25,08:30 Morning TOP 5,7011.JP,三菱重工業,658970.0,4801.0,TP_HIT,25172.7,3.82
2026-05-25,08:30 Morning TOP 5,6501.JP,日立製作所,658970.0,1318.0,SL_HIT,-13047.6,-1.98
2026-05-25,08:30 Morning TOP 5,8058.JP,三菱商事,658970.0,1047.0,TP_HIT,23722.9,3.6
2026-05-25,10:30 Intraday TOP 3,3103.JP,ユニチカ,732188.9,3273.0,TP_HIT,28482.1,3.89
2026-05-25,10:30 Intraday TOP 3,7094.JP,ネクストーン,732188.9,1131.0,SL_HIT,-15083.1,-2.06
2026-05-25,10:30 Intraday TOP 3,4635.JP,東インキ,732188.9,4820.0,SL_HIT,-15595.6,-2.13
2026-05-25,10:30 Intraday TOP 3,4052.JP,フィーチャ,732188.9,1074.0,TP_HIT,25699.8,3.51
2026-05-25,10:30 Intraday TOP 3,4404.JP,ミヨシ油脂,732188.9,5798.0,SL_HIT,-15376.0,-2.1
2026-05-25,10:30 Intraday TOP 3,6998.JP,タングス,732188.9,4362.0,TP_HIT,28775.0,3.93
2026-05-26,08:30 Morning TOP 5,6645.JP,オムロン,668842.7,3592.0,TP_HIT,24546.5,3.67
2026-05-26,08:30 Morning TOP 5,8035.JP,東京エレクトロン,668842.7,5547.0,TP_HIT,23810.8,3.56
2026-05-26,08:30 Morning TOP 5,7203.JP,トヨタ自動車,668842.7,2795.0,TP_HIT,22606.9,3.38
2026-05-26,08:30 Morning TOP 5,6146.JP,ディスコ,668842.7,1062.0,TP_HIT,23944.6,3.58
2026-05-26,08:30 Morning TOP 5,9984.JP,ソフトバンクグループ,668842.7,2824.0,TP_HIT,23743.9,3.55
2026-05-26,08:30 Morning TOP 5,6920.JP,レーザーテック,668842.7,1329.0,TP_HIT,26018.0,3.89
2026-05-26,08:30 Morning TOP 5,6861.JP,キーエンス,668842.7,2448.0,TP_HIT,22339.3,3.34
2026-05-26,08:30 Morning TOP 5,7011.JP,三菱重工業,668842.7,5306.0,TP_HIT,25549.8,3.82
2026-05-26,08:30 Morning TOP 5,6501.JP,日立製作所,668842.7,2585.0,SL_HIT,-13243.1,-1.98
2026-05-26,08:30 Morning TOP 5,8058.JP,三菱商事,668842.7,2597.0,TP_HIT,24078.3,3.6
2026-05-26,10:30 Intraday TOP 3,3103.JP,ユニチカ,743158.6,2595.0,TP_HIT,28908.9,3.89
2026-05-26,10:30 Intraday TOP 3,7094.JP,ネクストーン,743158.6,3889.0,SL_HIT,-15309.1,-2.06
2026-05-26,10:30 Intraday TOP 3,4635.JP,東インキ,743158.6,1885.0,TP_HIT,27719.8,3.73
2026-05-26,10:30 Intraday TOP 3,4052.JP,フィーチャ,743158.6,4415.0,TP_HIT,26084.9,3.51
2026-05-26,10:30 Intraday TOP 3,4404.JP,ミヨシ油脂,743158.6,2916.0,TP_HIT,28165.7,3.79
2026-05-26,10:30 Intraday TOP 3,6998.JP,タングス,743158.6,1450.0,TP_HIT,29206.1,3.93
2026-05-27,08:30 Morning TOP 5,6645.JP,オムロン,688533.0,1926.0,SL_HIT,-13977.2,-2.03
2026-05-27,08:30 Morning TOP 5,8035.JP,東京エレクトロン,688533.0,2006.0,SL_HIT,-13495.2,-1.96
2026-05-27,08:30 Morning TOP 5,7203.JP,トヨタ自動車,688533.0,3558.0,TP_HIT,23272.4,3.38
2026-05-27,08:30 Morning TOP 5,6146.JP,ディスコ,688533.0,3452.0,SL_HIT,-13564.1,-1.97
2026-05-27,08:30 Morning TOP 5,9984.JP,ソフトバンクグループ,688533.0,5050.0,SL_HIT,-13770.7,-2.0
2026-05-27,08:30 Morning TOP 5,6920.JP,レーザーテック,688533.0,5579.0,TP_HIT,26783.9,3.89
2026-05-27,08:30 Morning TOP 5,6861.JP,キーエンス,688533.0,3058.0,SL_HIT,-13770.7,-2.0
2026-05-27,08:30 Morning TOP 5,7011.JP,三菱重工業,688533.0,3133.0,TP_HIT,26302.0,3.82
2026-05-27,08:30 Morning TOP 5,6501.JP,日立製作所,688533.0,2177.0,SL_HIT,-13633.0,-1.98
2026-05-27,08:30 Morning TOP 5,8058.JP,三菱商事,688533.0,1825.0,SL_HIT,-14046.1,-2.04
2026-05-27,10:30 Intraday TOP 3,3103.JP,ユニチカ,765036.7,4722.0,TP_HIT,29759.9,3.89
2026-05-27,10:30 Intraday TOP 3,7094.JP,ネクストーン,765036.7,3227.0,TP_HIT,29300.9,3.83
2026-05-27,10:30 Intraday TOP 3,4635.JP,東インキ,765036.7,4447.0,TP_HIT,28535.9,3.73
2026-05-27,10:30 Intraday TOP 3,4052.JP,フィーチャ,765036.7,1684.0,TP_HIT,26852.8,3.51
2026-05-27,10:30 Intraday TOP 3,4404.JP,ミヨシ油脂,765036.7,5813.0,SL_HIT,-16065.8,-2.1
2026-05-27,10:30 Intraday TOP 3,6998.JP,タングス,765036.7,1618.0,SL_HIT,-16065.8,-2.1
2026-05-28,08:30 Morning TOP 5,6645.JP,オムロン,692278.2,4412.0,TP_HIT,25406.6,3.67
2026-05-28,08:30 Morning TOP 5,8035.JP,東京エレクトロン,692278.2,2089.0,TP_HIT,24645.1,3.56
2026-05-28,08:30 Morning TOP 5,7203.JP,トヨタ自動車,692278.2,5111.0,TP_HIT,23399.0,3.38
2026-05-28,08:30 Morning TOP 5,6146.JP,ディスコ,692278.2,5371.0,TP_HIT,24783.6,3.58
2026-05-28,08:30 Morning TOP 5,9984.JP,ソフトバンクグループ,692278.2,5699.0,TP_HIT,24575.9,3.55
2026-05-28,08:30 Morning TOP 5,6920.JP,レーザーテック,692278.2,3223.0,TP_HIT,26929.6,3.89
2026-05-28,08:30 Morning TOP 5,6861.JP,キーエンス,692278.2,5765.0,SL_HIT,-13845.6,-2.0
2026-05-28,08:30 Morning TOP 5,7011.JP,三菱重工業,692278.2,3189.0,TP_HIT,26445.0,3.82
2026-05-28,08:30 Morning TOP 5,6501.JP,日立製作所,692278.2,5281.0,TP_HIT,23745.1,3.43
2026-05-28,08:30 Morning TOP 5,8058.JP,三菱商事,692278.2,5514.0,TP_HIT,24922.0,3.6
2026-05-28,10:30 Intraday TOP 3,3103.JP,ユニチカ,769198.0,5411.0,TP_HIT,29921.8,3.89
2026-05-28,10:30 Intraday TOP 3,7094.JP,ネクストーン,769198.0,5913.0,SL_HIT,-15845.5,-2.06
2026-05-28,10:30 Intraday TOP 3,4635.JP,東インキ,769198.0,2634.0,SL_HIT,-16383.9,-2.13
2026-05-28,10:30 Intraday TOP 3,4052.JP,フィーチャ,769198.0,2527.0,TP_HIT,26998.8,3.51
2026-05-28,10:30 Intraday TOP 3,4404.JP,ミヨシ油脂,769198.0,1410.0,TP_HIT,29152.6,3.79
2026-05-28,10:30 Intraday TOP 3,6998.JP,タングス,769198.0,3989.0,TP_HIT,30229.5,3.93
2026-05-29,08:30 Morning TOP 5,6645.JP,オムロン,709983.0,1258.0,TP_HIT,26056.4,3.67
2026-05-29,08:30 Morning TOP 5,8035.JP,東京エレクトロン,709983.0,3823.0,TP_HIT,25275.4,3.56
2026-05-29,08:30 Morning TOP 5,7203.JP,トヨタ自動車,709983.0,5131.0,TP_HIT,23997.4,3.38
2026-05-29,08:30 Morning TOP 5,6146.JP,ディスコ,709983.0,2555.0,TP_HIT,25417.4,3.58
2026-05-29,08:30 Morning TOP 5,9984.JP,ソフトバンクグループ,709983.0,3795.0,TP_HIT,25204.4,3.55
2026-05-29,08:30 Morning TOP 5,6920.JP,レーザーテック,709983.0,2411.0,TP_HIT,27618.3,3.89
2026-05-29,08:30 Morning TOP 5,6861.JP,キーエンス,709983.0,5410.0,SL_HIT,-14199.7,-2.0
2026-05-29,08:30 Morning TOP 5,7011.JP,三菱重工業,709983.0,5453.0,TP_HIT,27121.3,3.82
2026-05-29,08:30 Morning TOP 5,6501.JP,日立製作所,709983.0,3981.0,TP_HIT,24352.4,3.43
2026-05-29,08:30 Morning TOP 5,8058.JP,三菱商事,709983.0,3268.0,TP_HIT,25559.4,3.6
2026-05-29,10:30 Intraday TOP 3,3103.JP,ユニチカ,788869.9,5049.0,SL_HIT,-16881.8,-2.14
2026-05-29,10:30 Intraday TOP 3,7094.JP,ネクストーン,788869.9,4943.0,TP_HIT,30213.7,3.83
2026-05-29,10:30 Intraday TOP 3,4635.JP,東インキ,788869.9,2440.0,TP_HIT,29424.8,3.73
2026-05-29,10:30 Intraday TOP 3,4052.JP,フィーチャ,788869.9,2952.0,SL_HIT,-16802.9,-2.13
2026-05-29,10:30 Intraday TOP 3,4404.JP,ミヨシ油脂,788869.9,1701.0,TP_HIT,29898.2,3.79
2026-05-29,10:30 Intraday TOP 3,6998.JP,タングス,788869.9,3608.0,SL_HIT,-16566.3,-2.1
2026-06-01,08:30 Morning TOP 5,6645.JP,オムロン,725324.3,4029.0,TP_HIT,26619.4,3.67
2026-06-01,08:30 Morning TOP 5,8035.JP,東京エレクトロン,725324.3,1799.0,TP_HIT,25821.5,3.56
2026-06-01,08:30 Morning TOP 5,7203.JP,トヨタ自動車,725324.3,5910.0,TP_HIT,24516.0,3.38
2026-06-01,08:30 Morning TOP 5,6146.JP,ディスコ,725324.3,1306.0,TP_HIT,25966.6,3.58
2026-06-01,08:30 Morning TOP 5,9984.JP,ソフトバンクグループ,725324.3,3359.0,TP_HIT,25749.0,3.55
2026-06-01,08:30 Morning TOP 5,6920.JP,レーザーテック,725324.3,3960.0,SL_HIT,-14651.6,-2.02
2026-06-01,08:30 Morning TOP 5,6861.JP,キーエンス,725324.3,2674.0,TP_HIT,24225.8,3.34
2026-06-01,08:30 Morning TOP 5,7011.JP,三菱重工業,725324.3,1611.0,TP_HIT,27707.4,3.82
2026-06-01,08:30 Morning TOP 5,6501.JP,日立製作所,725324.3,2039.0,TP_HIT,24878.6,3.43
2026-06-01,08:30 Morning TOP 5,8058.JP,三菱商事,725324.3,4644.0,TP_HIT,26111.7,3.6
2026-06-01,10:30 Intraday TOP 3,3103.JP,ユニチカ,805915.8,4468.0,TP_HIT,31350.1,3.89
2026-06-01,10:30 Intraday TOP 3,7094.JP,ネクストーン,805915.8,1120.0,TP_HIT,30866.6,3.83
2026-06-01,10:30 Intraday TOP 3,4635.JP,東インキ,805915.8,4804.0,TP_HIT,30060.7,3.73
2026-06-01,10:30 Intraday TOP 3,4052.JP,フィーチャ,805915.8,3934.0,TP_HIT,28287.6,3.51
2026-06-01,10:30 Intraday TOP 3,4404.JP,ミヨシ油脂,805915.8,3703.0,TP_HIT,30544.2,3.79
2026-06-01,10:30 Intraday TOP 3,6998.JP,タングス,805915.8,4654.0,TP_HIT,31672.5,3.93
2026-06-02,08:30 Morning TOP 5,6645.JP,オムロン,749307.8,5754.0,TP_HIT,27499.6,3.67
2026-06-02,08:30 Morning TOP 5,8035.JP,東京エレクトロン,749307.8,2807.0,TP_HIT,26675.4,3.56
2026-06-02,08:30 Morning TOP 5,7203.JP,トヨタ自動車,749307.8,5825.0,SL_HIT,-14686.4,-1.96
2026-06-02,08:30 Morning TOP 5,6146.JP,ディスコ,749307.8,3568.0,TP_HIT,26825.2,3.58
2026-06-02,08:30 Morning TOP 5,9984.JP,ソフトバンクグループ,749307.8,2387.0,TP_HIT,26600.4,3.55
2026-06-02,08:30 Morning TOP 5,6920.JP,レーザーテック,749307.8,3461.0,TP_HIT,29148.1,3.89
2026-06-02,08:30 Morning TOP 5,6861.JP,キーエンス,749307.8,2174.0,SL_HIT,-14986.2,-2.0
2026-06-02,08:30 Morning TOP 5,7011.JP,三菱重工業,749307.8,4461.0,SL_HIT,-14986.2,-2.0
2026-06-02,08:30 Morning TOP 5,6501.JP,日立製作所,749307.8,3699.0,TP_HIT,25701.3,3.43
2026-06-02,08:30 Morning TOP 5,8058.JP,三菱商事,749307.8,3177.0,TP_HIT,26975.1,3.6
2026-06-02,10:30 Intraday TOP 3,3103.JP,ユニチカ,832564.3,2532.0,SL_HIT,-17816.9,-2.14
2026-06-02,10:30 Intraday TOP 3,7094.JP,ネクストーン,832564.3,1648.0,TP_HIT,31887.2,3.83
2026-06-02,10:30 Intraday TOP 3,4635.JP,東インキ,832564.3,3782.0,TP_HIT,31054.6,3.73
2026-06-02,10:30 Intraday TOP 3,4052.JP,フィーチャ,832564.3,1737.0,TP_HIT,29223.0,3.51
2026-06-02,10:30 Intraday TOP 3,4404.JP,ミヨシ油脂,832564.3,4639.0,TP_HIT,31554.2,3.79
2026-06-02,10:30 Intraday TOP 3,6998.JP,タングス,832564.3,1984.0,SL_HIT,-17483.8,-2.1
2026-06-03,08:30 Morning TOP 5,6645.JP,オムロン,763298.9,2538.0,SL_HIT,-15495.0,-2.03
2026-06-03,08:30 Morning TOP 5,8035.JP,東京エレクトロン,763298.9,1990.0,TP_HIT,27173.4,3.56
2026-06-03,08:30 Morning TOP 5,7203.JP,トヨタ自動車,763298.9,3503.0,TP_HIT,25799.5,3.38
2026-06-03,08:30 Morning TOP 5,6146.JP,ディスコ,763298.9,5563.0,TP_HIT,27326.1,3.58
2026-06-03,08:30 Morning TOP 5,9984.JP,ソフトバンクグループ,763298.9,3386.0,SL_HIT,-15266.0,-2.0
2026-06-03,08:30 Morning TOP 5,6920.JP,レーザーテック,763298.9,3846.0,SL_HIT,-15418.6,-2.02
2026-06-03,08:30 Morning TOP 5,6861.JP,キーエンス,763298.9,2651.0,SL_HIT,-15266.0,-2.0
2026-06-03,08:30 Morning TOP 5,7011.JP,三菱重工業,763298.9,2556.0,SL_HIT,-15266.0,-2.0
2026-06-03,08:30 Morning TOP 5,6501.JP,日立製作所,763298.9,4063.0,TP_HIT,26181.2,3.43
2026-06-03,08:30 Morning TOP 5,8058.JP,三菱商事,763298.9,5731.0,TP_HIT,27478.8,3.6
2026-06-03,10:30 Intraday TOP 3,3103.JP,ユニチカ,848109.9,2859.0,TP_HIT,32991.5,3.89
2026-06-03,10:30 Intraday TOP 3,7094.JP,ネクストーン,848109.9,1098.0,SL_HIT,-17471.1,-2.06
2026-06-03,10:30 Intraday TOP 3,4635.JP,東インキ,848109.9,2779.0,TP_HIT,31634.5,3.73
2026-06-03,10:30 Intraday TOP 3,4052.JP,フィーチャ,848109.9,3668.0,TP_HIT,29768.7,3.51
2026-06-03,10:30 Intraday TOP 3,4404.JP,ミヨシ油脂,848109.9,3878.0,TP_HIT,32143.4,3.79
2026-06-03,10:30 Intraday TOP 3,6998.JP,タングス,848109.9,5103.0,TP_HIT,33330.7,3.93
2026-06-04,08:30 Morning TOP 5,6645.JP,オムロン,775277.6,4707.0,TP_HIT,28452.7,3.67
2026-06-04,08:30 Morning TOP 5,8035.JP,東京エレクトロン,775277.6,1538.0,TP_HIT,27599.9,3.56
2026-06-04,08:30 Morning TOP 5,7203.JP,トヨタ自動車,775277.6,1049.0,TP_HIT,26204.4,3.38
2026-06-04,08:30 Morning TOP 5,6146.JP,ディスコ,775277.6,3047.0,TP_HIT,27754.9,3.58
2026-06-04,08:30 Morning TOP 5,9984.JP,ソフトバンクグループ,775277.6,4504.0,TP_HIT,27522.4,3.55
2026-06-04,08:30 Morning TOP 5,6920.JP,レーザーテック,775277.6,3810.0,TP_HIT,30158.3,3.89
2026-06-04,08:30 Morning TOP 5,6861.JP,キーエンス,775277.6,1344.0,SL_HIT,-15505.6,-2.0
2026-06-04,08:30 Morning TOP 5,7011.JP,三菱重工業,775277.6,3364.0,TP_HIT,29615.6,3.82
2026-06-04,08:30 Morning TOP 5,6501.JP,日立製作所,775277.6,5054.0,TP_HIT,26592.0,3.43
2026-06-04,08:30 Morning TOP 5,8058.JP,三菱商事,775277.6,1845.0,SL_HIT,-15815.7,-2.04
2026-06-04,10:30 Intraday TOP 3,3103.JP,ユニチカ,861419.6,2522.0,TP_HIT,33509.2,3.89
2026-06-04,10:30 Intraday TOP 3,7094.JP,ネクストーン,861419.6,4290.0,SL_HIT,-17745.2,-2.06
2026-06-04,10:30 Intraday TOP 3,4635.JP,東インキ,861419.6,3223.0,TP_HIT,32131.0,3.73
2026-06-04,10:30 Intraday TOP 3,4052.JP,フィーチャ,861419.6,4860.0,TP_HIT,30235.8,3.51
2026-06-04,10:30 Intraday TOP 3,4404.JP,ミヨシ油脂,861419.6,3590.0,TP_HIT,32647.8,3.79
2026-06-04,10:30 Intraday TOP 3,6998.JP,タングス,861419.6,3281.0,TP_HIT,33853.8,3.93
2026-06-05,08:30 Morning TOP 5,6645.JP,オムロン,795510.3,5448.0,TP_HIT,29195.2,3.67
2026-06-05,08:30 Morning TOP 5,8035.JP,東京エレクトロン,795510.3,5320.0,TP_HIT,28320.2,3.56
2026-06-05,08:30 Morning TOP 5,7203.JP,トヨタ自動車,795510.3,4208.0,SL_HIT,-15592.0,-1.96
2026-06-05,08:30 Morning TOP 5,6146.JP,ディスコ,795510.3,2090.0,TP_HIT,28479.3,3.58
2026-06-05,08:30 Morning TOP 5,9984.JP,ソフトバンクグループ,795510.3,2303.0,SL_HIT,-15910.2,-2.0
2026-06-05,08:30 Morning TOP 5,6920.JP,レーザーテック,795510.3,5327.0,TP_HIT,30945.4,3.89
2026-06-05,08:30 Morning TOP 5,6861.JP,キーエンス,795510.3,2533.0,SL_HIT,-15910.2,-2.0
2026-06-05,08:30 Morning TOP 5,7011.JP,三菱重工業,795510.3,3879.0,TP_HIT,30388.5,3.82
2026-06-05,08:30 Morning TOP 5,6501.JP,日立製作所,795510.3,4436.0,TP_HIT,27286.0,3.43
2026-06-05,08:30 Morning TOP 5,8058.JP,三菱商事,795510.3,5784.0,TP_HIT,28638.4,3.6
2026-06-05,10:30 Intraday TOP 3,3103.JP,ユニチカ,883900.3,5043.0,TP_HIT,34383.7,3.89
2026-06-05,10:30 Intraday TOP 3,7094.JP,ネクストーン,883900.3,4821.0,SL_HIT,-18208.3,-2.06
2026-06-05,10:30 Intraday TOP 3,4635.JP,東インキ,883900.3,5400.0,TP_HIT,32969.5,3.73
2026-06-05,10:30 Intraday TOP 3,4052.JP,フィーチャ,883900.3,5446.0,TP_HIT,31024.9,3.51
2026-06-05,10:30 Intraday TOP 3,4404.JP,ミヨシ油脂,883900.3,4171.0,TP_HIT,33499.8,3.79
2026-06-05,10:30 Intraday TOP 3,6998.JP,タングス,883900.3,4789.0,TP_HIT,34737.3,3.93
2026-06-08,08:30 Morning TOP 5,6645.JP,オムロン,813765.1,1261.0,SL_HIT,-16519.4,-2.03
2026-06-08,08:30 Morning TOP 5,8035.JP,東京エレクトロン,813765.1,3346.0,SL_HIT,-15949.8,-1.96
2026-06-08,08:30 Morning TOP 5,7203.JP,トヨタ自動車,813765.1,5375.0,SL_HIT,-15949.8,-1.96
2026-06-08,08:30 Morning TOP 5,6146.JP,ディスコ,813765.1,1885.0,TP_HIT,29132.8,3.58
2026-06-08,08:30 Morning TOP 5,9984.JP,ソフトバンクグループ,813765.1,3958.0,TP_HIT,28888.7,3.55
2026-06-08,08:30 Morning TOP 5,6920.JP,レーザーテック,813765.1,4209.0,SL_HIT,-16438.1,-2.02
2026-06-08,08:30 Morning TOP 5,6861.JP,キーエンス,813765.1,2863.0,TP_HIT,27179.8,3.34
2026-06-08,08:30 Morning TOP 5,7011.JP,三菱重工業,813765.1,5009.0,SL_HIT,-16275.3,-2.0
2026-06-08,08:30 Morning TOP 5,6501.JP,日立製作所,813765.1,3126.0,SL_HIT,-16112.5,-1.98
2026-06-08,08:30 Morning TOP 5,8058.JP,三菱商事,813765.1,3264.0,SL_HIT,-16600.8,-2.04
2026-06-08,10:30 Intraday TOP 3,3103.JP,ユニチカ,904183.5,3848.0,TP_HIT,35172.7,3.89
2026-06-08,10:30 Intraday TOP 3,7094.JP,ネクストーン,904183.5,1525.0,TP_HIT,34630.2,3.83
2026-06-08,10:30 Intraday TOP 3,4635.JP,東インキ,904183.5,4950.0,SL_HIT,-19259.1,-2.13
2026-06-08,10:30 Intraday TOP 3,4052.JP,フィーチャ,904183.5,4805.0,TP_HIT,31736.8,3.51
2026-06-08,10:30 Intraday TOP 3,4404.JP,ミヨシ油脂,904183.5,4539.0,TP_HIT,34268.6,3.79
2026-06-08,10:30 Intraday TOP 3,6998.JP,タングス,904183.5,3960.0,TP_HIT,35534.4,3.93
2026-06-09,08:30 Morning TOP 5,6645.JP,オムロン,821171.5,5822.0,SL_HIT,-16669.8,-2.03
2026-06-09,08:30 Morning TOP 5,8035.JP,東京エレクトロン,821171.5,1535.0,TP_HIT,29233.7,3.56
2026-06-09,08:30 Morning TOP 5,7203.JP,トヨタ自動車,821171.5,4778.0,TP_HIT,27755.6,3.38
2026-06-09,08:30 Morning TOP 5,6146.JP,ディスコ,821171.5,5208.0,TP_HIT,29397.9,3.58
2026-06-09,08:30 Morning TOP 5,9984.JP,ソフトバンクグループ,821171.5,4645.0,TP_HIT,29151.6,3.55
2026-06-09,08:30 Morning TOP 5,6920.JP,レーザーテック,821171.5,3268.0,SL_HIT,-16587.7,-2.02
2026-06-09,08:30 Morning TOP 5,6861.JP,キーエンス,821171.5,4518.0,TP_HIT,27427.1,3.34
2026-06-09,08:30 Morning TOP 5,7011.JP,三菱重工業,821171.5,2945.0,TP_HIT,31368.8,3.82
2026-06-09,08:30 Morning TOP 5,6501.JP,日立製作所,821171.5,3662.0,SL_HIT,-16259.2,-1.98
2026-06-09,08:30 Morning TOP 5,8058.JP,三菱商事,821171.5,4872.0,SL_HIT,-16751.9,-2.04
2026-06-09,10:30 Intraday TOP 3,3103.JP,ユニチカ,912412.8,2406.0,TP_HIT,35492.9,3.89
2026-06-09,10:30 Intraday TOP 3,7094.JP,ネクストーン,912412.8,5311.0,TP_HIT,34945.4,3.83
2026-06-09,10:30 Intraday TOP 3,4635.JP,東インキ,912412.8,4360.0,TP_HIT,34033.0,3.73
2026-06-09,10:30 Intraday TOP 3,4052.JP,フィーチャ,912412.8,1907.0,TP_HIT,32025.7,3.51
2026-06-09,10:30 Intraday TOP 3,4404.JP,ミヨシ油脂,912412.8,2884.0,SL_HIT,-19160.7,-2.1
2026-06-09,10:30 Intraday TOP 3,6998.JP,タングス,912412.8,3180.0,SL_HIT,-19160.7,-2.1
2026-06-10,08:30 Morning TOP 5,6645.JP,オムロン,833546.0,2684.0,SL_HIT,-16921.0,-2.03
2026-06-10,08:30 Morning TOP 5,8035.JP,東京エレクトロン,833546.0,4181.0,SL_HIT,-16337.5,-1.96
2026-06-10,08:30 Morning TOP 5,7203.JP,トヨタ自動車,833546.0,5128.0,TP_HIT,28173.9,3.38
2026-06-10,08:30 Morning TOP 5,6146.JP,ディスコ,833546.0,5963.0,TP_HIT,29840.9,3.58
2026-06-10,08:30 Morning TOP 5,9984.JP,ソフトバンクグループ,833546.0,3101.0,SL_HIT,-16670.9,-2.0
2026-06-10,08:30 Morning TOP 5,6920.JP,レーザーテック,833546.0,4281.0,TP_HIT,32424.9,3.89
2026-06-10,08:30 Morning TOP 5,6861.JP,キーエンス,833546.0,2521.0,TP_HIT,27840.4,3.34
2026-06-10,08:30 Morning TOP 5,7011.JP,三菱重工業,833546.0,2303.0,SL_HIT,-16670.9,-2.0
2026-06-10,08:30 Morning TOP 5,6501.JP,日立製作所,833546.0,2087.0,SL_HIT,-16504.2,-1.98
2026-06-10,08:30 Morning TOP 5,8058.JP,三菱商事,833546.0,3232.0,TP_HIT,30007.7,3.6
2026-06-10,10:30 Intraday TOP 3,3103.JP,ユニチカ,926162.2,2902.0,TP_HIT,36027.7,3.89
2026-06-10,10:30 Intraday TOP 3,7094.JP,ネクストーン,926162.2,5974.0,TP_HIT,35472.0,3.83
2026-06-10,10:30 Intraday TOP 3,4635.JP,東インキ,926162.2,1917.0,TP_HIT,34545.9,3.73
2026-06-10,10:30 Intraday TOP 3,4052.JP,フィーチャ,926162.2,1341.0,TP_HIT,32508.3,3.51
2026-06-10,10:30 Intraday TOP 3,4404.JP,ミヨシ油脂,926162.2,1496.0,TP_HIT,35101.5,3.79
2026-06-10,10:30 Intraday TOP 3,6998.JP,タングス,926162.2,4330.0,TP_HIT,36398.2,3.93
2026-06-11,08:30 Morning TOP 5,6645.JP,オムロン,850060.2,5771.0,TP_HIT,31197.2,3.67
2026-06-11,08:30 Morning TOP 5,8035.JP,東京エレクトロン,850060.2,4488.0,TP_HIT,30262.1,3.56
2026-06-11,08:30 Morning TOP 5,7203.JP,トヨタ自動車,850060.2,3346.0,TP_HIT,28732.0,3.38
2026-06-11,08:30 Morning TOP 5,6146.JP,ディスコ,850060.2,4163.0,TP_HIT,30432.2,3.58
2026-06-11,08:30 Morning TOP 5,9984.JP,ソフトバンクグループ,850060.2,2390.0,SL_HIT,-17001.2,-2.0
2026-06-11,08:30 Morning TOP 5,6920.JP,レーザーテック,850060.2,5242.0,TP_HIT,33067.3,3.89
2026-06-11,08:30 Morning TOP 5,6861.JP,キーエンス,850060.2,3420.0,TP_HIT,28392.0,3.34
2026-06-11,08:30 Morning TOP 5,7011.JP,三菱重工業,850060.2,3602.0,TP_HIT,32472.3,3.82
2026-06-11,08:30 Morning TOP 5,6501.JP,日立製作所,850060.2,2458.0,SL_HIT,-16831.2,-1.98
2026-06-11,08:30 Morning TOP 5,8058.JP,三菱商事,850060.2,4376.0,TP_HIT,30602.2,3.6
2026-06-11,10:30 Intraday TOP 3,3103.JP,ユニチカ,944511.3,4545.0,TP_HIT,36741.5,3.89
2026-06-11,10:30 Intraday TOP 3,7094.JP,ネクストーン,944511.3,1897.0,TP_HIT,36174.8,3.83
2026-06-11,10:30 Intraday TOP 3,4635.JP,東インキ,944511.3,3981.0,TP_HIT,35230.3,3.73
2026-06-11,10:30 Intraday TOP 3,4052.JP,フィーチャ,944511.3,2371.0,TP_HIT,33152.3,3.51
2026-06-11,10:30 Intraday TOP 3,4404.JP,ミヨシ油脂,944511.3,5216.0,TP_HIT,35797.0,3.79
2026-06-11,10:30 Intraday TOP 3,6998.JP,タングス,944511.3,1606.0,TP_HIT,37119.3,3.93
2026-06-12,08:30 Morning TOP 5,6645.JP,オムロン,875592.6,4019.0,SL_HIT,-17774.5,-2.03
2026-06-12,08:30 Morning TOP 5,8035.JP,東京エレクトロン,875592.6,5651.0,SL_HIT,-17161.6,-1.96
2026-06-12,08:30 Morning TOP 5,7203.JP,トヨタ自動車,875592.6,1996.0,TP_HIT,29595.0,3.38
2026-06-12,08:30 Morning TOP 5,6146.JP,ディスコ,875592.6,3415.0,TP_HIT,31346.2,3.58
2026-06-12,08:30 Morning TOP 5,9984.JP,ソフトバンクグループ,875592.6,3644.0,SL_HIT,-17511.9,-2.0
2026-06-12,08:30 Morning TOP 5,6920.JP,レーザーテック,875592.6,5508.0,TP_HIT,34060.6,3.89
2026-06-12,08:30 Morning TOP 5,6861.JP,キーエンス,875592.6,1405.0,TP_HIT,29244.8,3.34
2026-06-12,08:30 Morning TOP 5,7011.JP,三菱重工業,875592.6,1284.0,TP_HIT,33447.6,3.82
2026-06-12,08:30 Morning TOP 5,6501.JP,日立製作所,875592.6,1536.0,TP_HIT,30032.8,3.43
2026-06-12,08:30 Morning TOP 5,8058.JP,三菱商事,875592.6,1073.0,SL_HIT,-17862.1,-2.04
2026-06-12,10:30 Intraday TOP 3,3103.JP,ユニチカ,972880.7,3402.0,SL_HIT,-20819.6,-2.14
2026-06-12,10:30 Intraday TOP 3,7094.JP,ネクストーン,972880.7,4356.0,TP_HIT,37261.3,3.83
2026-06-12,10:30 Intraday TOP 3,4635.JP,東インキ,972880.7,3147.0,TP_HIT,36288.4,3.73
2026-06-12,10:30 Intraday TOP 3,4052.JP,フィーチャ,972880.7,4513.0,TP_HIT,34148.1,3.51
2026-06-12,10:30 Intraday TOP 3,4404.JP,ミヨシ油脂,972880.7,1544.0,TP_HIT,36872.2,3.79
2026-06-12,10:30 Intraday TOP 3,6998.JP,タングス,972880.7,5681.0,TP_HIT,38234.2,3.93
2026-06-15,08:30 Morning TOP 5,6645.JP,オムロン,892356.7,2329.0,TP_HIT,32749.5,3.67
2026-06-15,08:30 Morning TOP 5,8035.JP,東京エレクトロン,892356.7,2344.0,SL_HIT,-17490.2,-1.96
2026-06-15,08:30 Morning TOP 5,7203.JP,トヨタ自動車,892356.7,5705.0,TP_HIT,30161.7,3.38
2026-06-15,08:30 Morning TOP 5,6146.JP,ディスコ,892356.7,1291.0,TP_HIT,31946.4,3.58
2026-06-15,08:30 Morning TOP 5,9984.JP,ソフトバンクグループ,892356.7,2362.0,SL_HIT,-17847.1,-2.0
2026-06-15,08:30 Morning TOP 5,6920.JP,レーザーテック,892356.7,2498.0,SL_HIT,-18025.6,-2.02
2026-06-15,08:30 Morning TOP 5,6861.JP,キーエンス,892356.7,2249.0,TP_HIT,29804.7,3.34
2026-06-15,08:30 Morning TOP 5,7011.JP,三菱重工業,892356.7,2147.0,TP_HIT,34088.0,3.82
2026-06-15,08:30 Morning TOP 5,6501.JP,日立製作所,892356.7,3677.0,TP_HIT,30607.8,3.43
2026-06-15,08:30 Morning TOP 5,8058.JP,三菱商事,892356.7,2831.0,TP_HIT,32124.8,3.6
2026-06-15,10:30 Intraday TOP 3,3103.JP,ユニチカ,991507.5,5834.0,TP_HIT,38569.6,3.89
2026-06-15,10:30 Intraday TOP 3,7094.JP,ネクストーン,991507.5,3840.0,SL_HIT,-20425.1,-2.06
2026-06-15,10:30 Intraday TOP 3,4635.JP,東インキ,991507.5,1177.0,TP_HIT,36983.2,3.73
2026-06-15,10:30 Intraday TOP 3,4052.JP,フィーチャ,991507.5,3485.0,TP_HIT,34801.9,3.51
2026-06-15,10:30 Intraday TOP 3,4404.JP,ミヨシ油脂,991507.5,4888.0,TP_HIT,37578.1,3.79
2026-06-15,10:30 Intraday TOP 3,6998.JP,タングス,991507.5,2912.0,TP_HIT,38966.2,3.93
2026-06-16,08:30 Morning TOP 5,6645.JP,オムロン,912432.4,1435.0,SL_HIT,-18522.4,-2.03
2026-06-16,08:30 Morning TOP 5,8035.JP,東京エレクトロン,912432.4,4104.0,TP_HIT,32482.6,3.56
2026-06-16,08:30 Morning TOP 5,7203.JP,トヨタ自動車,912432.4,1369.0,TP_HIT,30840.2,3.38
2026-06-16,08:30 Morning TOP 5,6146.JP,ディスコ,912432.4,1507.0,TP_HIT,32665.1,3.58
2026-06-16,08:30 Morning TOP 5,9984.JP,ソフトバンクグループ,912432.4,1175.0,TP_HIT,32391.3,3.55
2026-06-16,08:30 Morning TOP 5,6920.JP,レーザーテック,912432.4,3546.0,TP_HIT,35493.6,3.89
2026-06-16,08:30 Morning TOP 5,6861.JP,キーエンス,912432.4,3213.0,TP_HIT,30475.2,3.34
2026-06-16,08:30 Morning TOP 5,7011.JP,三菱重工業,912432.4,4250.0,TP_HIT,34854.9,3.82
2026-06-16,08:30 Morning TOP 5,6501.JP,日立製作所,912432.4,1194.0,TP_HIT,31296.4,3.43
2026-06-16,08:30 Morning TOP 5,8058.JP,三菱商事,912432.4,5286.0,TP_HIT,32847.6,3.6
2026-06-16,10:30 Intraday TOP 3,3103.JP,ユニチカ,1013813.7,5751.0,TP_HIT,39437.4,3.89
2026-06-16,10:30 Intraday TOP 3,7094.JP,ネクストーン,1013813.7,1541.0,TP_HIT,38829.1,3.83
2026-06-16,10:30 Intraday TOP 3,4635.JP,東インキ,1013813.7,3216.0,TP_HIT,37815.3,3.73
2026-06-16,10:30 Intraday TOP 3,4052.JP,フィーチャ,1013813.7,5111.0,TP_HIT,35584.9,3.51
2026-06-16,10:30 Intraday TOP 3,4404.JP,ミヨシ油脂,1013813.7,3034.0,TP_HIT,38423.5,3.79
2026-06-16,10:30 Intraday TOP 3,6998.JP,タングス,1013813.7,1329.0,SL_HIT,-21290.1,-2.1
2026-06-17,08:30 Morning TOP 5,6645.JP,オムロン,939049.8,4445.0,TP_HIT,34463.1,3.67
2026-06-17,08:30 Morning TOP 5,8035.JP,東京エレクトロン,939049.8,3926.0,TP_HIT,33430.2,3.56
2026-06-17,08:30 Morning TOP 5,7203.JP,トヨタ自動車,939049.8,4937.0,TP_HIT,31739.9,3.38
2026-06-17,08:30 Morning TOP 5,6146.JP,ディスコ,939049.8,4878.0,TP_HIT,33618.0,3.58
2026-06-17,08:30 Morning TOP 5,9984.JP,ソフトバンクグループ,939049.8,3406.0,TP_HIT,33336.3,3.55
2026-06-17,08:30 Morning TOP 5,6920.JP,レーザーテック,939049.8,2256.0,TP_HIT,36529.0,3.89
2026-06-17,08:30 Morning TOP 5,6861.JP,キーエンス,939049.8,4798.0,SL_HIT,-18781.0,-2.0
2026-06-17,08:30 Morning TOP 5,7011.JP,三菱重工業,939049.8,3009.0,TP_HIT,35871.7,3.82
2026-06-17,08:30 Morning TOP 5,6501.JP,日立製作所,939049.8,4939.0,TP_HIT,32209.4,3.43
2026-06-17,08:30 Morning TOP 5,8058.JP,三菱商事,939049.8,3781.0,TP_HIT,33805.8,3.6
2026-06-17,10:30 Intraday TOP 3,3103.JP,ユニチカ,1043388.7,4679.0,TP_HIT,40587.8,3.89
2026-06-17,10:30 Intraday TOP 3,7094.JP,ネクストーン,1043388.7,4463.0,TP_HIT,39961.8,3.83
2026-06-17,10:30 Intraday TOP 3,4635.JP,東インキ,1043388.7,3248.0,SL_HIT,-22224.2,-2.13
2026-06-17,10:30 Intraday TOP 3,4052.JP,フィーチャ,1043388.7,5457.0,TP_HIT,36622.9,3.51
2026-06-17,10:30 Intraday TOP 3,4404.JP,ミヨシ油脂,1043388.7,4992.0,SL_HIT,-21911.2,-2.1
2026-06-17,10:30 Intraday TOP 3,6998.JP,タングス,1043388.7,1102.0,SL_HIT,-21911.2,-2.1
2026-06-18,08:30 Morning TOP 5,6645.JP,オムロン,959290.7,3881.0,TP_HIT,35206.0,3.67
2026-06-18,08:30 Morning TOP 5,8035.JP,東京エレクトロン,959290.7,2674.0,TP_HIT,34150.8,3.56
2026-06-18,08:30 Morning TOP 5,7203.JP,トヨタ自動車,959290.7,4488.0,TP_HIT,32424.0,3.38
2026-06-18,08:30 Morning TOP 5,6146.JP,ディスコ,959290.7,1421.0,TP_HIT,34342.6,3.58
2026-06-18,08:30 Morning TOP 5,9984.JP,ソフトバンクグループ,959290.7,2666.0,TP_HIT,34054.8,3.55
2026-06-18,08:30 Morning TOP 5,6920.JP,レーザーテック,959290.7,3957.0,TP_HIT,37316.4,3.89
2026-06-18,08:30 Morning TOP 5,6861.JP,キーエンス,959290.7,5826.0,TP_HIT,32040.3,3.34
2026-06-18,08:30 Morning TOP 5,7011.JP,三菱重工業,959290.7,2358.0,TP_HIT,36644.9,3.82
2026-06-18,08:30 Morning TOP 5,6501.JP,日立製作所,959290.7,2839.0,SL_HIT,-18994.0,-1.98
2026-06-18,08:30 Morning TOP 5,8058.JP,三菱商事,959290.7,2871.0,TP_HIT,34534.5,3.6
2026-06-18,10:30 Intraday TOP 3,3103.JP,ユニチカ,1065878.6,4297.0,SL_HIT,-22809.8,-2.14
2026-06-18,10:30 Intraday TOP 3,7094.JP,ネクストーン,1065878.6,5479.0,TP_HIT,40823.2,3.83
2026-06-18,10:30 Intraday TOP 3,4635.JP,東インキ,1065878.6,5651.0,TP_HIT,39757.3,3.73
2026-06-18,10:30 Intraday TOP 3,4052.JP,フィーチャ,1065878.6,4935.0,SL_HIT,-22703.2,-2.13
2026-06-18,10:30 Intraday TOP 3,4404.JP,ミヨシ油脂,1065878.6,1864.0,TP_HIT,40396.8,3.79
2026-06-18,10:30 Intraday TOP 3,6998.JP,タングス,1065878.6,3424.0,SL_HIT,-22383.5,-2.1
2026-06-19,08:30 Morning TOP 5,6645.JP,オムロン,979978.8,3569.0,SL_HIT,-19893.6,-2.03
2026-06-19,08:30 Morning TOP 5,8035.JP,東京エレクトロン,979978.8,1793.0,SL_HIT,-19207.6,-1.96
2026-06-19,08:30 Morning TOP 5,7203.JP,トヨタ自動車,979978.8,4474.0,TP_HIT,33123.3,3.38
2026-06-19,08:30 Morning TOP 5,6146.JP,ディスコ,979978.8,1485.0,TP_HIT,35083.2,3.58
2026-06-19,08:30 Morning TOP 5,9984.JP,ソフトバンクグループ,979978.8,2866.0,SL_HIT,-19599.6,-2.0
2026-06-19,08:30 Morning TOP 5,6920.JP,レーザーテック,979978.8,5018.0,SL_HIT,-19795.6,-2.02
2026-06-19,08:30 Morning TOP 5,6861.JP,キーエンス,979978.8,1678.0,SL_HIT,-19599.6,-2.0
2026-06-19,08:30 Morning TOP 5,7011.JP,三菱重工業,979978.8,4775.0,TP_HIT,37435.2,3.82
2026-06-19,08:30 Morning TOP 5,6501.JP,日立製作所,979978.8,3951.0,TP_HIT,33613.3,3.43
2026-06-19,08:30 Morning TOP 5,8058.JP,三菱商事,979978.8,4645.0,SL_HIT,-19991.6,-2.04
2026-06-19,10:30 Intraday TOP 3,3103.JP,ユニチカ,1088865.3,2654.0,TP_HIT,42356.9,3.89
2026-06-19,10:30 Intraday TOP 3,7094.JP,ネクストーン,1088865.3,4165.0,SL_HIT,-22430.6,-2.06
2026-06-19,10:30 Intraday TOP 3,4635.JP,東インキ,1088865.3,5062.0,SL_HIT,-23192.8,-2.13
2026-06-19,10:30 Intraday TOP 3,4052.JP,フィーチャ,1088865.3,2174.0,TP_HIT,38219.2,3.51
2026-06-19,10:30 Intraday TOP 3,4404.JP,ミヨシ油脂,1088865.3,2298.0,SL_HIT,-22866.2,-2.1
2026-06-19,10:30 Intraday TOP 3,6998.JP,タングス,1088865.3,3038.0,SL_HIT,-22866.2,-2.1
2026-06-22,08:30 Morning TOP 5,6645.JP,オムロン,980602.1,5404.0,TP_HIT,35988.1,3.67
2026-06-22,08:30 Morning TOP 5,8035.JP,東京エレクトロン,980602.1,1163.0,SL_HIT,-19219.8,-1.96
2026-06-22,08:30 Morning TOP 5,7203.JP,トヨタ自動車,980602.1,5190.0,TP_HIT,33144.3,3.38
2026-06-22,08:30 Morning TOP 5,6146.JP,ディスコ,980602.1,2227.0,SL_HIT,-19317.9,-1.97
2026-06-22,08:30 Morning TOP 5,9984.JP,ソフトバンクグループ,980602.1,2143.0,TP_HIT,34811.4,3.55
2026-06-22,08:30 Morning TOP 5,6920.JP,レーザーテック,980602.1,3896.0,SL_HIT,-19808.2,-2.02
2026-06-22,08:30 Morning TOP 5,6861.JP,キーエンス,980602.1,2771.0,TP_HIT,32752.1,3.34
2026-06-22,08:30 Morning TOP 5,7011.JP,三菱重工業,980602.1,1350.0,TP_HIT,37459.0,3.82
2026-06-22,08:30 Morning TOP 5,6501.JP,日立製作所,980602.1,2324.0,SL_HIT,-19415.9,-1.98
2026-06-22,08:30 Morning TOP 5,8058.JP,三菱商事,980602.1,3347.0,TP_HIT,35301.7,3.6
2026-06-22,10:30 Intraday TOP 3,3103.JP,ユニチカ,1089557.9,2766.0,TP_HIT,42383.8,3.89
2026-06-22,10:30 Intraday TOP 3,7094.JP,ネクストーン,1089557.9,4378.0,SL_HIT,-22444.9,-2.06
2026-06-22,10:30 Intraday TOP 3,4635.JP,東インキ,1089557.9,1363.0,SL_HIT,-23207.6,-2.13
2026-06-22,10:30 Intraday TOP 3,4052.JP,フィーチャ,1089557.9,5469.0,TP_HIT,38243.5,3.51
2026-06-22,10:30 Intraday TOP 3,4404.JP,ミヨシ油脂,1089557.9,2694.0,TP_HIT,41294.2,3.79
2026-06-22,10:30 Intraday TOP 3,6998.JP,タングス,1089557.9,5590.0,TP_HIT,42819.6,3.93
2026-06-23,08:30 Morning TOP 5,6645.JP,オムロン,995649.1,3686.0,TP_HIT,36540.3,3.67
2026-06-23,08:30 Morning TOP 5,8035.JP,東京エレクトロン,995649.1,5546.0,TP_HIT,35445.1,3.56
2026-06-23,08:30 Morning TOP 5,7203.JP,トヨタ自動車,995649.1,5932.0,TP_HIT,33652.9,3.38
2026-06-23,08:30 Morning TOP 5,6146.JP,ディスコ,995649.1,4607.0,SL_HIT,-19614.3,-1.97
2026-06-23,08:30 Morning TOP 5,9984.JP,ソフトバンクグループ,995649.1,5333.0,SL_HIT,-19913.0,-2.0
2026-06-23,08:30 Morning TOP 5,6920.JP,レーザーテック,995649.1,5630.0,SL_HIT,-20112.1,-2.02
2026-06-23,08:30 Morning TOP 5,6861.JP,キーエンス,995649.1,4660.0,TP_HIT,33254.7,3.34
2026-06-23,08:30 Morning TOP 5,7011.JP,三菱重工業,995649.1,1435.0,TP_HIT,38033.8,3.82
2026-06-23,08:30 Morning TOP 5,6501.JP,日立製作所,995649.1,1812.0,TP_HIT,34150.8,3.43
2026-06-23,08:30 Morning TOP 5,8058.JP,三菱商事,995649.1,5038.0,TP_HIT,35843.4,3.6
2026-06-23,10:30 Intraday TOP 3,3103.JP,ユニチカ,1106276.8,3690.0,TP_HIT,43034.2,3.89
2026-06-23,10:30 Intraday TOP 3,7094.JP,ネクストーン,1106276.8,5092.0,SL_HIT,-22789.3,-2.06
2026-06-23,10:30 Intraday TOP 3,4635.JP,東インキ,1106276.8,1425.0,TP_HIT,41264.1,3.73
2026-06-23,10:30 Intraday TOP 3,4052.JP,フィーチャ,1106276.8,2725.0,TP_HIT,38830.3,3.51
2026-06-23,10:30 Intraday TOP 3,4404.JP,ミヨシ油脂,1106276.8,3800.0,TP_HIT,41927.9,3.79
2026-06-23,10:30 Intraday TOP 3,6998.JP,タングス,1106276.8,3068.0,SL_HIT,-23231.8,-2.1
2026-06-24,08:30 Morning TOP 5,6645.JP,オムロン,1014028.1,2349.0,TP_HIT,37214.8,3.67
2026-06-24,08:30 Morning TOP 5,8035.JP,東京エレクトロン,1014028.1,4091.0,TP_HIT,36099.4,3.56
2026-06-24,08:30 Morning TOP 5,7203.JP,トヨタ自動車,1014028.1,4722.0,TP_HIT,34274.1,3.38
2026-06-24,08:30 Morning TOP 5,6146.JP,ディスコ,1014028.1,4221.0,TP_HIT,36302.2,3.58
2026-06-24,08:30 Morning TOP 5,9984.JP,ソフトバンクグループ,1014028.1,4455.0,TP_HIT,35998.0,3.55
2026-06-24,08:30 Morning TOP 5,6920.JP,レーザーテック,1014028.1,1894.0,SL_HIT,-20483.4,-2.02
2026-06-24,08:30 Morning TOP 5,6861.JP,キーエンス,1014028.1,4302.0,SL_HIT,-20280.6,-2.0
2026-06-24,08:30 Morning TOP 5,7011.JP,三菱重工業,1014028.1,1328.0,TP_HIT,38735.9,3.82
2026-06-24,08:30 Morning TOP 5,6501.JP,日立製作所,1014028.1,2981.0,TP_HIT,34781.2,3.43
2026-06-24,08:30 Morning TOP 5,8058.JP,三菱商事,1014028.1,3395.0,SL_HIT,-20686.2,-2.04
2026-06-24,10:30 Intraday TOP 3,3103.JP,ユニチカ,1126697.9,5851.0,TP_HIT,43828.5,3.89
2026-06-24,10:30 Intraday TOP 3,7094.JP,ネクストーン,1126697.9,4490.0,TP_HIT,43152.5,3.83
2026-06-24,10:30 Intraday TOP 3,4635.JP,東インキ,1126697.9,1347.0,SL_HIT,-23998.7,-2.13
2026-06-24,10:30 Intraday TOP 3,4052.JP,フィーチャ,1126697.9,3435.0,SL_HIT,-23998.7,-2.13
2026-06-24,10:30 Intraday TOP 3,4404.JP,ミヨシ油脂,1126697.9,3042.0,SL_HIT,-23660.7,-2.1
2026-06-24,10:30 Intraday TOP 3,6998.JP,タングス,1126697.9,4577.0,SL_HIT,-23660.7,-2.1
2026-06-25,08:30 Morning TOP 5,6645.JP,オムロン,1025045.2,1799.0,TP_HIT,37619.2,3.67
2026-06-25,08:30 Morning TOP 5,8035.JP,東京エレクトロン,1025045.2,3838.0,TP_HIT,36491.6,3.56
2026-06-25,08:30 Morning TOP 5,7203.JP,トヨタ自動車,1025045.2,1638.0,SL_HIT,-20090.9,-1.96
2026-06-25,08:30 Morning TOP 5,6146.JP,ディスコ,1025045.2,3997.0,TP_HIT,36696.6,3.58
2026-06-25,08:30 Morning TOP 5,9984.JP,ソフトバンクグループ,1025045.2,4900.0,TP_HIT,36389.1,3.55
2026-06-25,08:30 Morning TOP 5,6920.JP,レーザーテック,1025045.2,4850.0,SL_HIT,-20705.9,-2.02
2026-06-25,08:30 Morning TOP 5,6861.JP,キーエンス,1025045.2,3921.0,TP_HIT,34236.5,3.34
2026-06-25,08:30 Morning TOP 5,7011.JP,三菱重工業,1025045.2,4012.0,TP_HIT,39156.7,3.82
2026-06-25,08:30 Morning TOP 5,6501.JP,日立製作所,1025045.2,5380.0,TP_HIT,35159.0,3.43
2026-06-25,08:30 Morning TOP 5,8058.JP,三菱商事,1025045.2,1446.0,TP_HIT,36901.6,3.6
2026-06-25,10:30 Intraday TOP 3,3103.JP,ユニチカ,1138939.1,2163.0,TP_HIT,44304.7,3.89
2026-06-25,10:30 Intraday TOP 3,7094.JP,ネクストーン,1138939.1,4830.0,TP_HIT,43621.4,3.83
2026-06-25,10:30 Intraday TOP 3,4635.JP,東インキ,1138939.1,3657.0,TP_HIT,42482.4,3.73
2026-06-25,10:30 Intraday TOP 3,4052.JP,フィーチャ,1138939.1,5357.0,TP_HIT,39976.8,3.51
2026-06-25,10:30 Intraday TOP 3,4404.JP,ミヨシ油脂,1138939.1,1637.0,SL_HIT,-23917.7,-2.1
2026-06-25,10:30 Intraday TOP 3,6998.JP,タングス,1138939.1,4745.0,TP_HIT,44760.3,3.93
2026-06-26,08:30 Morning TOP 5,6645.JP,オムロン,1051630.1,3183.0,SL_HIT,-21348.1,-2.03
2026-06-26,08:30 Morning TOP 5,8035.JP,東京エレクトロン,1051630.1,4838.0,TP_HIT,37438.0,3.56
2026-06-26,08:30 Morning TOP 5,7203.JP,トヨタ自動車,1051630.1,5593.0,TP_HIT,35545.1,3.38
2026-06-26,08:30 Morning TOP 5,6146.JP,ディスコ,1051630.1,3466.0,SL_HIT,-20717.1,-1.97
2026-06-26,08:30 Morning TOP 5,9984.JP,ソフトバンクグループ,1051630.1,4744.0,TP_HIT,37332.9,3.55
2026-06-26,08:30 Morning TOP 5,6920.JP,レーザーテック,1051630.1,5029.0,SL_HIT,-21242.9,-2.02
2026-06-26,08:30 Morning TOP 5,6861.JP,キーエンス,1051630.1,2670.0,TP_HIT,35124.4,3.34
2026-06-26,08:30 Morning TOP 5,7011.JP,三菱重工業,1051630.1,5410.0,SL_HIT,-21032.6,-2.0
2026-06-26,08:30 Morning TOP 5,6501.JP,日立製作所,1051630.1,5385.0,TP_HIT,36070.9,3.43
2026-06-26,08:30 Morning TOP 5,8058.JP,三菱商事,1051630.1,3009.0,SL_HIT,-21453.3,-2.04
2026-06-26,10:30 Intraday TOP 3,3103.JP,ユニチカ,1168477.8,5777.0,TP_HIT,45453.8,3.89
2026-06-26,10:30 Intraday TOP 3,7094.JP,ネクストーン,1168477.8,1389.0,SL_HIT,-24070.6,-2.06
2026-06-26,10:30 Intraday TOP 3,4635.JP,東インキ,1168477.8,2341.0,TP_HIT,43584.2,3.73
2026-06-26,10:30 Intraday TOP 3,4052.JP,フィーチャ,1168477.8,1008.0,TP_HIT,41013.6,3.51
2026-06-26,10:30 Intraday TOP 3,4404.JP,ミヨシ油脂,1168477.8,4428.0,SL_HIT,-24538.0,-2.1
2026-06-26,10:30 Intraday TOP 3,6998.JP,タングス,1168477.8,2513.0,TP_HIT,45921.2,3.93
2026-06-29,08:30 Morning TOP 5,6645.JP,オムロン,1063814.9,3004.0,TP_HIT,39042.0,3.67
2026-06-29,08:30 Morning TOP 5,8035.JP,東京エレクトロン,1063814.9,4793.0,TP_HIT,37871.8,3.56
2026-06-29,08:30 Morning TOP 5,7203.JP,トヨタ自動車,1063814.9,5591.0,TP_HIT,35956.9,3.38
2026-06-29,08:30 Morning TOP 5,6146.JP,ディスコ,1063814.9,3917.0,TP_HIT,38084.6,3.58
2026-06-29,08:30 Morning TOP 5,9984.JP,ソフトバンクグループ,1063814.9,1414.0,TP_HIT,37765.4,3.55
2026-06-29,08:30 Morning TOP 5,6920.JP,レーザーテック,1063814.9,3707.0,SL_HIT,-21489.1,-2.02
2026-06-29,08:30 Morning TOP 5,6861.JP,キーエンス,1063814.9,5802.0,TP_HIT,35531.4,3.34
2026-06-29,08:30 Morning TOP 5,7011.JP,三菱重工業,1063814.9,2293.0,TP_HIT,40637.7,3.82
2026-06-29,08:30 Morning TOP 5,6501.JP,日立製作所,1063814.9,5568.0,SL_HIT,-21063.5,-1.98
2026-06-29,08:30 Morning TOP 5,8058.JP,三菱商事,1063814.9,3331.0,SL_HIT,-21701.8,-2.04
2026-06-29,10:30 Intraday TOP 3,3103.JP,ユニチカ,1182016.6,4496.0,TP_HIT,45980.4,3.89
2026-06-29,10:30 Intraday TOP 3,7094.JP,ネクストーン,1182016.6,3591.0,TP_HIT,45271.2,3.83
2026-06-29,10:30 Intraday TOP 3,4635.JP,東インキ,1182016.6,5091.0,TP_HIT,44089.2,3.73
2026-06-29,10:30 Intraday TOP 3,4052.JP,フィーチャ,1182016.6,3727.0,TP_HIT,41488.8,3.51
2026-06-29,10:30 Intraday TOP 3,4404.JP,ミヨシ油脂,1182016.6,3352.0,TP_HIT,44798.4,3.79
2026-06-29,10:30 Intraday TOP 3,6998.JP,タングス,1182016.6,3100.0,TP_HIT,46453.3,3.93
2026-06-30,08:30 Morning TOP 5,6645.JP,オムロン,1091938.0,1561.0,TP_HIT,40074.1,3.67
2026-06-30,08:30 Morning TOP 5,8035.JP,東京エレクトロン,1091938.0,3006.0,TP_HIT,38873.0,3.56
2026-06-30,08:30 Morning TOP 5,7203.JP,トヨタ自動車,1091938.0,4196.0,SL_HIT,-21402.0,-1.96
2026-06-30,08:30 Morning TOP 5,6146.JP,ディスコ,1091938.0,1013.0,SL_HIT,-21511.2,-1.97
2026-06-30,08:30 Morning TOP 5,9984.JP,ソフトバンクグループ,1091938.0,5514.0,TP_HIT,38763.8,3.55
2026-06-30,08:30 Morning TOP 5,6920.JP,レーザーテック,1091938.0,1638.0,TP_HIT,42476.4,3.89
2026-06-30,08:30 Morning TOP 5,6861.JP,キーエンス,1091938.0,2204.0,TP_HIT,36470.7,3.34
2026-06-30,08:30 Morning TOP 5,7011.JP,三菱重工業,1091938.0,5910.0,SL_HIT,-21838.8,-2.0
2026-06-30,08:30 Morning TOP 5,6501.JP,日立製作所,1091938.0,2044.0,TP_HIT,37453.5,3.43
2026-06-30,08:30 Morning TOP 5,8058.JP,三菱商事,1091938.0,4755.0,TP_HIT,39309.8,3.6
2026-06-30,10:30 Intraday TOP 3,3103.JP,ユニチカ,1213264.4,4375.0,SL_HIT,-25963.9,-2.14
2026-06-30,10:30 Intraday TOP 3,7094.JP,ネクストーン,1213264.4,5387.0,SL_HIT,-24993.2,-2.06
2026-06-30,10:30 Intraday TOP 3,4635.JP,東インキ,1213264.4,3744.0,SL_HIT,-25842.5,-2.13
2026-06-30,10:30 Intraday TOP 3,4052.JP,フィーチャ,1213264.4,2837.0,SL_HIT,-25842.5,-2.13
2026-06-30,10:30 Intraday TOP 3,4404.JP,ミヨシ油脂,1213264.4,3184.0,TP_HIT,45982.7,3.79
2026-06-30,10:30 Intraday TOP 3,6998.JP,タングス,1213264.4,1885.0,TP_HIT,47681.3,3.93
2026-07-01,08:30 Morning TOP 5,6645.JP,オムロン,1103919.4,2350.0,SL_HIT,-22409.6,-2.03
2026-07-01,08:30 Morning TOP 5,8035.JP,東京エレクトロン,1103919.4,5269.0,SL_HIT,-21636.8,-1.96
2026-07-01,08:30 Morning TOP 5,7203.JP,トヨタ自動車,1103919.4,2865.0,TP_HIT,37312.5,3.38
2026-07-01,08:30 Morning TOP 5,6146.JP,ディスコ,1103919.4,3338.0,TP_HIT,39520.3,3.58
2026-07-01,08:30 Morning TOP 5,9984.JP,ソフトバンクグループ,1103919.4,1756.0,TP_HIT,39189.1,3.55
2026-07-01,08:30 Morning TOP 5,6920.JP,レーザーテック,1103919.4,2282.0,SL_HIT,-22299.2,-2.02
2026-07-01,08:30 Morning TOP 5,6861.JP,キーエンス,1103919.4,3712.0,SL_HIT,-22078.4,-2.0
2026-07-01,08:30 Morning TOP 5,7011.JP,三菱重工業,1103919.4,1904.0,TP_HIT,42169.7,3.82
2026-07-01,08:30 Morning TOP 5,6501.JP,日立製作所,1103919.4,2563.0,TP_HIT,37864.4,3.43
2026-07-01,08:30 Morning TOP 5,8058.JP,三菱商事,1103919.4,3188.0,TP_HIT,39741.1,3.6
2026-07-01,10:30 Intraday TOP 3,3103.JP,ユニチカ,1226577.1,1238.0,SL_HIT,-26248.8,-2.14
2026-07-01,10:30 Intraday TOP 3,7094.JP,ネクストーン,1226577.1,2966.0,SL_HIT,-25267.5,-2.06
2026-07-01,10:30 Intraday TOP 3,4635.JP,東インキ,1226577.1,2935.0,SL_HIT,-26126.1,-2.13
2026-07-01,10:30 Intraday TOP 3,4052.JP,フィーチャ,1226577.1,2520.0,TP_HIT,43052.9,3.51
2026-07-01,10:30 Intraday TOP 3,4404.JP,ミヨシ油脂,1226577.1,4106.0,TP_HIT,46487.3,3.79
2026-07-01,10:30 Intraday TOP 3,6998.JP,タングス,1226577.1,3659.0,TP_HIT,48204.5,3.93
2026-07-02,08:30 Morning TOP 5,6645.JP,オムロン,1116368.0,2608.0,TP_HIT,40970.7,3.67
2026-07-02,08:30 Morning TOP 5,8035.JP,東京エレクトロン,1116368.0,3018.0,SL_HIT,-21880.8,-1.96
2026-07-02,08:30 Morning TOP 5,7203.JP,トヨタ自動車,1116368.0,5597.0,SL_HIT,-21880.8,-1.96
2026-07-02,08:30 Morning TOP 5,6146.JP,ディスコ,1116368.0,2142.0,SL_HIT,-21992.4,-1.97
2026-07-02,08:30 Morning TOP 5,9984.JP,ソフトバンクグループ,1116368.0,5374.0,SL_HIT,-22327.4,-2.0
2026-07-02,08:30 Morning TOP 5,6920.JP,レーザーテック,1116368.0,1956.0,TP_HIT,43426.7,3.89
2026-07-02,08:30 Morning TOP 5,6861.JP,キーエンス,1116368.0,2164.0,SL_HIT,-22327.4,-2.0
2026-07-02,08:30 Morning TOP 5,7011.JP,三菱重工業,1116368.0,2633.0,SL_HIT,-22327.4,-2.0
2026-07-02,08:30 Morning TOP 5,6501.JP,日立製作所,1116368.0,1770.0,SL_HIT,-22104.1,-1.98
2026-07-02,08:30 Morning TOP 5,8058.JP,三菱商事,1116368.0,3146.0,TP_HIT,40189.2,3.6
2026-07-02,10:30 Intraday TOP 3,3103.JP,ユニチカ,1240408.8,5757.0,TP_HIT,48251.9,3.89
2026-07-02,10:30 Intraday TOP 3,7094.JP,ネクストーン,1240408.8,1986.0,TP_HIT,47507.7,3.83
2026-07-02,10:30 Intraday TOP 3,4635.JP,東インキ,1240408.8,3312.0,SL_HIT,-26420.7,-2.13
2026-07-02,10:30 Intraday TOP 3,4052.JP,フィーチャ,1240408.8,4769.0,TP_HIT,43538.4,3.51
2026-07-02,10:30 Intraday TOP 3,4404.JP,ミヨシ油脂,1240408.8,1142.0,TP_HIT,47011.5,3.79
2026-07-02,10:30 Intraday TOP 3,6998.JP,タングス,1240408.8,1218.0,TP_HIT,48748.1,3.93
2026-07-03,08:30 Morning TOP 5,6645.JP,オムロン,1127071.0,2849.0,TP_HIT,41363.5,3.67
2026-07-03,08:30 Morning TOP 5,8035.JP,東京エレクトロン,1127071.0,3902.0,TP_HIT,40123.7,3.56
2026-07-03,08:30 Morning TOP 5,7203.JP,トヨタ自動車,1127071.0,2523.0,TP_HIT,38095.0,3.38
2026-07-03,08:30 Morning TOP 5,6146.JP,ディスコ,1127071.0,5096.0,TP_HIT,40349.1,3.58
2026-07-03,08:30 Morning TOP 5,9984.JP,ソフトバンクグループ,1127071.0,5563.0,TP_HIT,40011.0,3.55
2026-07-03,08:30 Morning TOP 5,6920.JP,レーザーテック,1127071.0,3703.0,SL_HIT,-22766.8,-2.02
2026-07-03,08:30 Morning TOP 5,6861.JP,キーエンス,1127071.0,4520.0,TP_HIT,37644.2,3.34
2026-07-03,08:30 Morning TOP 5,7011.JP,三菱重工業,1127071.0,3356.0,SL_HIT,-22541.4,-2.0
2026-07-03,08:30 Morning TOP 5,6501.JP,日立製作所,1127071.0,5848.0,TP_HIT,38658.5,3.43
2026-07-03,08:30 Morning TOP 5,8058.JP,三菱商事,1127071.0,5627.0,TP_HIT,40574.6,3.6
2026-07-03,10:30 Intraday TOP 3,3103.JP,ユニチカ,1252301.1,4554.0,SL_HIT,-26799.2,-2.14
2026-07-03,10:30 Intraday TOP 3,7094.JP,ネクストーン,1252301.1,5359.0,TP_HIT,47963.1,3.83
2026-07-03,10:30 Intraday TOP 3,4635.JP,東インキ,1252301.1,2551.0,TP_HIT,46710.8,3.73
2026-07-03,10:30 Intraday TOP 3,4052.JP,フィーチャ,1252301.1,2514.0,TP_HIT,43955.8,3.51
2026-07-03,10:30 Intraday TOP 3,4404.JP,ミヨシ油脂,1252301.1,2437.0,SL_HIT,-26298.3,-2.1
2026-07-03,10:30 Intraday TOP 3,6998.JP,タングス,1252301.1,5282.0,TP_HIT,49215.4,3.93
2026-07-06,08:30 Morning TOP 5,6645.JP,オムロン,1151446.5,3460.0,SL_HIT,-23374.4,-2.03
2026-07-06,08:30 Morning TOP 5,8035.JP,東京エレクトロン,1151446.5,4832.0,TP_HIT,40991.5,3.56
2026-07-06,08:30 Morning TOP 5,7203.JP,トヨタ自動車,1151446.5,4779.0,TP_HIT,38918.9,3.38
2026-07-06,08:30 Morning TOP 5,6146.JP,ディスコ,1151446.5,2747.0,TP_HIT,41221.8,3.58
2026-07-06,08:30 Morning TOP 5,9984.JP,ソフトバンクグループ,1151446.5,4739.0,TP_HIT,40876.4,3.55
2026-07-06,08:30 Morning TOP 5,6920.JP,レーザーテック,1151446.5,5872.0,TP_HIT,44791.3,3.89
2026-07-06,08:30 Morning TOP 5,6861.JP,キーエンス,1151446.5,2245.0,TP_HIT,38458.3,3.34
2026-07-06,08:30 Morning TOP 5,7011.JP,三菱重工業,1151446.5,1487.0,TP_HIT,43985.3,3.82
2026-07-06,08:30 Morning TOP 5,6501.JP,日立製作所,1151446.5,5503.0,SL_HIT,-22798.6,-1.98
2026-07-06,08:30 Morning TOP 5,8058.JP,三菱商事,1151446.5,5087.0,TP_HIT,41452.1,3.6
2026-07-06,10:30 Intraday TOP 3,3103.JP,ユニチカ,1279385.0,1258.0,TP_HIT,49768.1,3.89
2026-07-06,10:30 Intraday TOP 3,7094.JP,ネクストーン,1279385.0,1957.0,SL_HIT,-26355.3,-2.06
2026-07-06,10:30 Intraday TOP 3,4635.JP,東インキ,1279385.0,1646.0,TP_HIT,47721.1,3.73
2026-07-06,10:30 Intraday TOP 3,4052.JP,フィーチャ,1279385.0,4310.0,TP_HIT,44906.4,3.51
2026-07-06,10:30 Intraday TOP 3,4404.JP,ミヨシ油脂,1279385.0,3094.0,SL_HIT,-26867.1,-2.1
2026-07-06,10:30 Intraday TOP 3,6998.JP,タングス,1279385.0,5259.0,SL_HIT,-26867.1,-2.1
2026-07-07,08:30 Morning TOP 5,6645.JP,オムロン,1172256.2,2059.0,TP_HIT,43021.8,3.67
2026-07-07,08:30 Morning TOP 5,8035.JP,東京エレクトロン,1172256.2,2064.0,SL_HIT,-22976.2,-1.96
2026-07-07,08:30 Morning TOP 5,7203.JP,トヨタ自動車,1172256.2,1314.0,TP_HIT,39622.3,3.38
2026-07-07,08:30 Morning TOP 5,6146.JP,ディスコ,1172256.2,1797.0,TP_HIT,41966.8,3.58
2026-07-07,08:30 Morning TOP 5,9984.JP,ソフトバンクグループ,1172256.2,4263.0,TP_HIT,41615.1,3.55
2026-07-07,08:30 Morning TOP 5,6920.JP,レーザーテック,1172256.2,5977.0,SL_HIT,-23679.6,-2.02
2026-07-07,08:30 Morning TOP 5,6861.JP,キーエンス,1172256.2,1645.0,TP_HIT,39153.4,3.34
2026-07-07,08:30 Morning TOP 5,7011.JP,三菱重工業,1172256.2,2755.0,TP_HIT,44780.2,3.82
2026-07-07,08:30 Morning TOP 5,6501.JP,日立製作所,1172256.2,1051.0,TP_HIT,40208.4,3.43
2026-07-07,08:30 Morning TOP 5,8058.JP,三菱商事,1172256.2,5869.0,TP_HIT,42201.2,3.6
2026-07-07,10:30 Intraday TOP 3,3103.JP,ユニチカ,1302506.9,4269.0,TP_HIT,50667.5,3.89
2026-07-07,10:30 Intraday TOP 3,7094.JP,ネクストーン,1302506.9,2578.0,TP_HIT,49886.0,3.83
2026-07-07,10:30 Intraday TOP 3,4635.JP,東インキ,1302506.9,1504.0,TP_HIT,48583.5,3.73
2026-07-07,10:30 Intraday TOP 3,4052.JP,フィーチャ,1302506.9,1060.0,TP_HIT,45718.0,3.51
2026-07-07,10:30 Intraday TOP 3,4404.JP,ミヨシ油脂,1302506.9,1720.0,TP_HIT,49365.0,3.79
2026-07-07,10:30 Intraday TOP 3,6998.JP,タングス,1302506.9,3002.0,TP_HIT,51188.5,3.93
2026-07-08,08:30 Morning TOP 5,6645.JP,オムロン,1207135.5,1749.0,TP_HIT,44301.9,3.67
2026-07-08,08:30 Morning TOP 5,8035.JP,東京エレクトロン,1207135.5,4892.0,TP_HIT,42974.0,3.56
2026-07-08,08:30 Morning TOP 5,7203.JP,トヨタ自動車,1207135.5,5989.0,SL_HIT,-23659.9,-1.96
2026-07-08,08:30 Morning TOP 5,6146.JP,ディスコ,1207135.5,2700.0,TP_HIT,43215.5,3.58
2026-07-08,08:30 Morning TOP 5,9984.JP,ソフトバンクグループ,1207135.5,1512.0,TP_HIT,42853.3,3.55
2026-07-08,08:30 Morning TOP 5,6920.JP,レーザーテック,1207135.5,4853.0,TP_HIT,46957.6,3.89
2026-07-08,08:30 Morning TOP 5,6861.JP,キーエンス,1207135.5,4765.0,TP_HIT,40318.3,3.34
2026-07-08,08:30 Morning TOP 5,7011.JP,三菱重工業,1207135.5,3729.0,TP_HIT,46112.6,3.82
2026-07-08,08:30 Morning TOP 5,6501.JP,日立製作所,1207135.5,5356.0,TP_HIT,41404.7,3.43
2026-07-08,08:30 Morning TOP 5,8058.JP,三菱商事,1207135.5,1803.0,TP_HIT,43456.9,3.6
2026-07-08,10:30 Intraday TOP 3,3103.JP,ユニチカ,1341261.7,3631.0,TP_HIT,52175.1,3.89
2026-07-08,10:30 Intraday TOP 3,7094.JP,ネクストーン,1341261.7,2140.0,TP_HIT,51370.3,3.83
2026-07-08,10:30 Intraday TOP 3,4635.JP,東インキ,1341261.7,4949.0,TP_HIT,50029.1,3.73
2026-07-08,10:30 Intraday TOP 3,4052.JP,フィーチャ,1341261.7,2364.0,TP_HIT,47078.3,3.51
2026-07-08,10:30 Intraday TOP 3,4404.JP,ミヨシ油脂,1341261.7,1737.0,TP_HIT,50833.8,3.79
2026-07-08,10:30 Intraday TOP 3,6998.JP,タングス,1341261.7,5944.0,TP_HIT,52711.6,3.93
2026-07-09,08:30 Morning TOP 5,6645.JP,オムロン,1247463.5,1472.0,TP_HIT,45781.9,3.67
2026-07-09,08:30 Morning TOP 5,8035.JP,東京エレクトロン,1247463.5,1032.0,TP_HIT,44409.7,3.56
2026-07-09,08:30 Morning TOP 5,7203.JP,トヨタ自動車,1247463.5,4228.0,TP_HIT,42164.3,3.38
2026-07-09,08:30 Morning TOP 5,6146.JP,ディスコ,1247463.5,1776.0,SL_HIT,-24575.0,-1.97
2026-07-09,08:30 Morning TOP 5,9984.JP,ソフトバンクグループ,1247463.5,5184.0,TP_HIT,44285.0,3.55
2026-07-09,08:30 Morning TOP 5,6920.JP,レーザーテック,1247463.5,3530.0,TP_HIT,48526.3,3.89
2026-07-09,08:30 Morning TOP 5,6861.JP,キーエンス,1247463.5,2850.0,SL_HIT,-24949.3,-2.0
2026-07-09,08:30 Morning TOP 5,7011.JP,三菱重工業,1247463.5,4375.0,SL_HIT,-24949.3,-2.0
2026-07-09,08:30 Morning TOP 5,6501.JP,日立製作所,1247463.5,1472.0,TP_HIT,42788.0,3.43
2026-07-09,08:30 Morning TOP 5,8058.JP,三菱商事,1247463.5,4853.0,TP_HIT,44908.7,3.6
2026-07-09,10:30 Intraday TOP 3,3103.JP,ユニチカ,1386070.6,5181.0,SL_HIT,-29661.9,-2.14
2026-07-09,10:30 Intraday TOP 3,7094.JP,ネクストーン,1386070.6,5206.0,SL_HIT,-28553.1,-2.06
2026-07-09,10:30 Intraday TOP 3,4635.JP,東インキ,1386070.6,1505.0,TP_HIT,51700.4,3.73
2026-07-09,10:30 Intraday TOP 3,4052.JP,フィーチャ,1386070.6,3928.0,TP_HIT,48651.1,3.51
2026-07-09,10:30 Intraday TOP 3,4404.JP,ミヨシ油脂,1386070.6,1572.0,TP_HIT,52532.1,3.79
2026-07-09,10:30 Intraday TOP 3,6998.JP,タングス,1386070.6,1922.0,TP_HIT,54472.6,3.93
2026-07-10,08:30 Morning TOP 5,6645.JP,オムロン,1270715.4,3884.0,TP_HIT,46635.3,3.67
2026-07-10,08:30 Morning TOP 5,8035.JP,東京エレクトロン,1270715.4,1694.0,TP_HIT,45237.5,3.56
2026-07-10,08:30 Morning TOP 5,7203.JP,トヨタ自動車,1270715.4,4015.0,TP_HIT,42950.2,3.38
2026-07-10,08:30 Morning TOP 5,6146.JP,ディスコ,1270715.4,2570.0,SL_HIT,-25033.1,-1.97
2026-07-10,08:30 Morning TOP 5,9984.JP,ソフトバンクグループ,1270715.4,2234.0,TP_HIT,45110.4,3.55
2026-07-10,08:30 Morning TOP 5,6920.JP,レーザーテック,1270715.4,3843.0,TP_HIT,49430.8,3.89
2026-07-10,08:30 Morning TOP 5,6861.JP,キーエンス,1270715.4,4969.0,SL_HIT,-25414.3,-2.0
2026-07-10,08:30 Morning TOP 5,7011.JP,三菱重工業,1270715.4,4694.0,SL_HIT,-25414.3,-2.0
2026-07-10,08:30 Morning TOP 5,6501.JP,日立製作所,1270715.4,4716.0,TP_HIT,43585.5,3.43
2026-07-10,08:30 Morning TOP 5,8058.JP,三菱商事,1270715.4,4833.0,TP_HIT,45745.8,3.6
2026-07-10,10:30 Intraday TOP 3,3103.JP,ユニチカ,1411906.0,5162.0,TP_HIT,54923.1,3.89
2026-07-10,10:30 Intraday TOP 3,7094.JP,ネクストーン,1411906.0,4108.0,TP_HIT,54076.0,3.83
2026-07-10,10:30 Intraday TOP 3,4635.JP,東インキ,1411906.0,1630.0,TP_HIT,52664.1,3.73
2026-07-10,10:30 Intraday TOP 3,4052.JP,フィーチャ,1411906.0,5234.0,TP_HIT,49557.9,3.51
2026-07-10,10:30 Intraday TOP 3,4404.JP,ミヨシ油脂,1411906.0,4109.0,TP_HIT,53511.2,3.79
2026-07-10,10:30 Intraday TOP 3,6998.JP,タングス,1411906.0,1389.0,TP_HIT,55487.9,3.93
2026-07-13,08:30 Morning TOP 5,6645.JP,オムロン,1304498.6,3507.0,TP_HIT,47875.1,3.67
2026-07-13,08:30 Morning TOP 5,8035.JP,東京エレクトロン,1304498.6,1305.0,TP_HIT,46440.2,3.56
2026-07-13,08:30 Morning TOP 5,7203.JP,トヨタ自動車,1304498.6,4382.0,TP_HIT,44092.1,3.38
2026-07-13,08:30 Morning TOP 5,6146.JP,ディスコ,1304498.6,2552.0,TP_HIT,46701.1,3.58
2026-07-13,08:30 Morning TOP 5,9984.JP,ソフトバンクグループ,1304498.6,1142.0,TP_HIT,46309.7,3.55
2026-07-13,08:30 Morning TOP 5,6920.JP,レーザーテック,1304498.6,4221.0,SL_HIT,-26350.9,-2.02
2026-07-13,08:30 Morning TOP 5,6861.JP,キーエンス,1304498.6,5075.0,TP_HIT,43570.3,3.34
2026-07-13,08:30 Morning TOP 5,7011.JP,三菱重工業,1304498.6,2935.0,TP_HIT,49831.8,3.82
2026-07-13,08:30 Morning TOP 5,6501.JP,日立製作所,1304498.6,5357.0,SL_HIT,-25829.1,-1.98
2026-07-13,08:30 Morning TOP 5,8058.JP,三菱商事,1304498.6,3859.0,TP_HIT,46962.0,3.6
2026-07-13,10:30 Intraday TOP 3,3103.JP,ユニチカ,1449442.9,1277.0,TP_HIT,56383.3,3.89
2026-07-13,10:30 Intraday TOP 3,7094.JP,ネクストーン,1449442.9,4854.0,TP_HIT,55513.7,3.83
2026-07-13,10:30 Intraday TOP 3,4635.JP,東インキ,1449442.9,4996.0,TP_HIT,54064.2,3.73
2026-07-13,10:30 Intraday TOP 3,4052.JP,フィーチャ,1449442.9,5363.0,SL_HIT,-30873.1,-2.13
2026-07-13,10:30 Intraday TOP 3,4404.JP,ミヨシ油脂,1449442.9,5703.0,TP_HIT,54933.9,3.79
2026-07-13,10:30 Intraday TOP 3,6998.JP,タングス,1449442.9,4557.0,TP_HIT,56963.1,3.93
2026-07-14,08:30 Morning TOP 5,6645.JP,オムロン,1338493.9,3192.0,TP_HIT,49122.7,3.67
2026-07-14,08:30 Morning TOP 5,8035.JP,東京エレクトロン,1338493.9,3659.0,TP_HIT,47650.4,3.56
2026-07-14,08:30 Morning TOP 5,7203.JP,トヨタ自動車,1338493.9,4572.0,TP_HIT,45241.1,3.38
2026-07-14,08:30 Morning TOP 5,6146.JP,ディスコ,1338493.9,3419.0,TP_HIT,47918.1,3.58
2026-07-14,08:30 Morning TOP 5,9984.JP,ソフトバンクグループ,1338493.9,5913.0,TP_HIT,47516.5,3.55
2026-07-14,08:30 Morning TOP 5,6920.JP,レーザーテック,1338493.9,4946.0,SL_HIT,-27037.6,-2.02
2026-07-14,08:30 Morning TOP 5,6861.JP,キーエンス,1338493.9,2008.0,TP_HIT,44705.7,3.34
2026-07-14,08:30 Morning TOP 5,7011.JP,三菱重工業,1338493.9,5412.0,TP_HIT,51130.5,3.82
2026-07-14,08:30 Morning TOP 5,6501.JP,日立製作所,1338493.9,3822.0,TP_HIT,45910.3,3.43
2026-07-14,08:30 Morning TOP 5,8058.JP,三菱商事,1338493.9,3412.0,TP_HIT,48185.8,3.6
2026-07-14,10:30 Intraday TOP 3,3103.JP,ユニチカ,1487215.4,3289.0,TP_HIT,57852.7,3.89
2026-07-14,10:30 Intraday TOP 3,7094.JP,ネクストーン,1487215.4,3332.0,TP_HIT,56960.3,3.83
2026-07-14,10:30 Intraday TOP 3,4635.JP,東インキ,1487215.4,3085.0,TP_HIT,55473.1,3.73
2026-07-14,10:30 Intraday TOP 3,4052.JP,フィーチャ,1487215.4,1400.0,TP_HIT,52201.3,3.51
2026-07-14,10:30 Intraday TOP 3,4404.JP,ミヨシ油脂,1487215.4,3175.0,TP_HIT,56365.5,3.79
2026-07-14,10:30 Intraday TOP 3,6998.JP,タングス,1487215.4,4543.0,SL_HIT,-31231.5,-2.1
2026-07-15,08:30 Morning TOP 5,6645.JP,オムロン,1377371.8,5397.0,TP_HIT,50549.5,3.67
2026-07-15,08:30 Morning TOP 5,8035.JP,東京エレクトロン,1377371.8,1405.0,TP_HIT,49034.4,3.56
2026-07-15,08:30 Morning TOP 5,7203.JP,トヨタ自動車,1377371.8,4119.0,TP_HIT,46555.2,3.38
2026-07-15,08:30 Morning TOP 5,6146.JP,ディスコ,1377371.8,4740.0,SL_HIT,-27134.2,-1.97
2026-07-15,08:30 Morning TOP 5,9984.JP,ソフトバンクグループ,1377371.8,5941.0,TP_HIT,48896.7,3.55
2026-07-15,08:30 Morning TOP 5,6920.JP,レーザーテック,1377371.8,3938.0,TP_HIT,53579.8,3.89
2026-07-15,08:30 Morning TOP 5,6861.JP,キーエンス,1377371.8,2120.0,SL_HIT,-27547.4,-2.0
2026-07-15,08:30 Morning TOP 5,7011.JP,三菱重工業,1377371.8,4214.0,SL_HIT,-27547.4,-2.0
2026-07-15,08:30 Morning TOP 5,6501.JP,日立製作所,1377371.8,2011.0,SL_HIT,-27272.0,-1.98
2026-07-15,08:30 Morning TOP 5,8058.JP,三菱商事,1377371.8,3299.0,TP_HIT,49585.4,3.6
2026-07-15,10:30 Intraday TOP 3,3103.JP,ユニチカ,1530413.1,5728.0,TP_HIT,59533.1,3.89
2026-07-15,10:30 Intraday TOP 3,7094.JP,ネクストーン,1530413.1,4164.0,TP_HIT,58614.8,3.83
2026-07-15,10:30 Intraday TOP 3,4635.JP,東インキ,1530413.1,4847.0,SL_HIT,-32597.8,-2.13
2026-07-15,10:30 Intraday TOP 3,4052.JP,フィーチャ,1530413.1,4207.0,TP_HIT,53717.5,3.51
2026-07-15,10:30 Intraday TOP 3,4404.JP,ミヨシ油脂,1530413.1,2472.0,TP_HIT,58002.7,3.79
2026-07-15,10:30 Intraday TOP 3,6998.JP,タングス,1530413.1,4957.0,TP_HIT,60145.2,3.93
2026-07-16,08:30 Morning TOP 5,6645.JP,オムロン,1404138.7,3198.0,SL_HIT,-28504.0,-2.03
2026-07-16,08:30 Morning TOP 5,8035.JP,東京エレクトロン,1404138.7,1033.0,TP_HIT,49987.3,3.56
2026-07-16,08:30 Morning TOP 5,7203.JP,トヨタ自動車,1404138.7,3631.0,TP_HIT,47459.9,3.38
2026-07-16,08:30 Morning TOP 5,6146.JP,ディスコ,1404138.7,5322.0,TP_HIT,50268.2,3.58
2026-07-16,08:30 Morning TOP 5,9984.JP,ソフトバンクグループ,1404138.7,4258.0,TP_HIT,49846.9,3.55
2026-07-16,08:30 Morning TOP 5,6920.JP,レーザーテック,1404138.7,2579.0,TP_HIT,54621.0,3.89
2026-07-16,08:30 Morning TOP 5,6861.JP,キーエンス,1404138.7,4230.0,TP_HIT,46898.2,3.34
2026-07-16,08:30 Morning TOP 5,7011.JP,三菱重工業,1404138.7,5115.0,TP_HIT,53638.1,3.82
2026-07-16,08:30 Morning TOP 5,6501.JP,日立製作所,1404138.7,5958.0,TP_HIT,48162.0,3.43
2026-07-16,08:30 Morning TOP 5,8058.JP,三菱商事,1404138.7,1752.0,TP_HIT,50549.0,3.6
2026-07-16,10:30 Intraday TOP 3,3103.JP,ユニチカ,1560154.1,5528.0,TP_HIT,60690.0,3.89
2026-07-16,10:30 Intraday TOP 3,7094.JP,ネクストーン,1560154.1,4026.0,TP_HIT,59753.9,3.83
2026-07-16,10:30 Intraday TOP 3,4635.JP,東インキ,1560154.1,5340.0,TP_HIT,58193.7,3.73
2026-07-16,10:30 Intraday TOP 3,4052.JP,フィーチャ,1560154.1,3796.0,TP_HIT,54761.4,3.51
2026-07-16,10:30 Intraday TOP 3,4404.JP,ミヨシ油脂,1560154.1,5090.0,TP_HIT,59129.8,3.79
2026-07-16,10:30 Intraday TOP 3,6998.JP,タングス,1560154.1,1409.0,TP_HIT,61314.1,3.93
2026-07-17,08:30 Morning TOP 5,6645.JP,オムロン,1450744.8,2791.0,TP_HIT,53242.3,3.67
2026-07-17,08:30 Morning TOP 5,8035.JP,東京エレクトロン,1450744.8,3687.0,SL_HIT,-28434.6,-1.96
2026-07-17,08:30 Morning TOP 5,7203.JP,トヨタ自動車,1450744.8,3908.0,TP_HIT,49035.2,3.38
2026-07-17,08:30 Morning TOP 5,6146.JP,ディスコ,1450744.8,4436.0,SL_HIT,-28579.7,-1.97
2026-07-17,08:30 Morning TOP 5,9984.JP,ソフトバンクグループ,1450744.8,4866.0,TP_HIT,51501.4,3.55
2026-07-17,08:30 Morning TOP 5,6920.JP,レーザーテック,1450744.8,1525.0,TP_HIT,56434.0,3.89
2026-07-17,08:30 Morning TOP 5,6861.JP,キーエンス,1450744.8,3171.0,SL_HIT,-29014.9,-2.0
2026-07-17,08:30 Morning TOP 5,7011.JP,三菱重工業,1450744.8,4397.0,TP_HIT,55418.5,3.82
2026-07-17,08:30 Morning TOP 5,6501.JP,日立製作所,1450744.8,3845.0,TP_HIT,49760.5,3.43
2026-07-17,08:30 Morning TOP 5,8058.JP,三菱商事,1450744.8,2413.0,TP_HIT,52226.8,3.6
2026-07-17,10:30 Intraday TOP 3,3103.JP,ユニチカ,1611938.7,4386.0,TP_HIT,62704.4,3.89
2026-07-17,10:30 Intraday TOP 3,7094.JP,ネクストーン,1611938.7,4114.0,SL_HIT,-33205.9,-2.06
2026-07-17,10:30 Intraday TOP 3,4635.JP,東インキ,1611938.7,2673.0,SL_HIT,-34334.3,-2.13
2026-07-17,10:30 Intraday TOP 3,4052.JP,フィーチャ,1611938.7,4924.0,SL_HIT,-34334.3,-2.13
2026-07-17,10:30 Intraday TOP 3,4404.JP,ミヨシ油脂,1611938.7,3079.0,TP_HIT,61092.5,3.79
2026-07-17,10:30 Intraday TOP 3,6998.JP,タングス,1611938.7,5085.0,SL_HIT,-33850.7,-2.1
2026-07-20,08:30 Morning TOP 5,6645.JP,オムロン,1466924.5,3801.0,SL_HIT,-29778.6,-2.03
2026-07-20,08:30 Morning TOP 5,8035.JP,東京エレクトロン,1466924.5,3675.0,TP_HIT,52222.5,3.56
2026-07-20,08:30 Morning TOP 5,7203.JP,トヨタ自動車,1466924.5,2003.0,TP_HIT,49582.0,3.38
2026-07-20,08:30 Morning TOP 5,6146.JP,ディスコ,1466924.5,3119.0,SL_HIT,-28898.4,-1.97
2026-07-20,08:30 Morning TOP 5,9984.JP,ソフトバンクグループ,1466924.5,5237.0,TP_HIT,52075.8,3.55
2026-07-20,08:30 Morning TOP 5,6920.JP,レーザーテック,1466924.5,1944.0,SL_HIT,-29631.9,-2.02
2026-07-20,08:30 Morning TOP 5,6861.JP,キーエンス,1466924.5,2596.0,TP_HIT,48995.3,3.34
2026-07-20,08:30 Morning TOP 5,7011.JP,三菱重工業,1466924.5,5908.0,SL_HIT,-29338.5,-2.0
2026-07-20,08:30 Morning TOP 5,6501.JP,日立製作所,1466924.5,4703.0,TP_HIT,50315.5,3.43
2026-07-20,08:30 Morning TOP 5,8058.JP,三菱商事,1466924.5,1022.0,TP_HIT,52809.3,3.6
2026-07-20,10:30 Intraday TOP 3,3103.JP,ユニチカ,1629916.1,4654.0,TP_HIT,63403.7,3.89
2026-07-20,10:30 Intraday TOP 3,7094.JP,ネクストーン,1629916.1,3431.0,SL_HIT,-33576.3,-2.06
2026-07-20,10:30 Intraday TOP 3,4635.JP,東インキ,1629916.1,4289.0,TP_HIT,60795.9,3.73
2026-07-20,10:30 Intraday TOP 3,4052.JP,フィーチャ,1629916.1,1085.0,TP_HIT,57210.1,3.51
2026-07-20,10:30 Intraday TOP 3,4404.JP,ミヨシ油脂,1629916.1,4964.0,TP_HIT,61773.8,3.79
2026-07-20,10:30 Intraday TOP 3,6998.JP,タングス,1629916.1,3171.0,SL_HIT,-34228.2,-2.1
2026-07-21,08:30 Morning TOP 5,6645.JP,オムロン,1488748.4,5745.0,TP_HIT,54637.1,3.67
2026-07-21,08:30 Morning TOP 5,8035.JP,東京エレクトロン,1488748.4,2435.0,SL_HIT,-29179.5,-1.96
2026-07-21,08:30 Morning TOP 5,7203.JP,トヨタ自動車,1488748.4,1713.0,TP_HIT,50319.7,3.38
2026-07-21,08:30 Morning TOP 5,6146.JP,ディスコ,1488748.4,5469.0,TP_HIT,53297.2,3.58
2026-07-21,08:30 Morning TOP 5,9984.JP,ソフトバンクグループ,1488748.4,3645.0,TP_HIT,52850.6,3.55
2026-07-21,08:30 Morning TOP 5,6920.JP,レーザーテック,1488748.4,2739.0,TP_HIT,57912.3,3.89
2026-07-21,08:30 Morning TOP 5,6861.JP,キーエンス,1488748.4,2218.0,SL_HIT,-29775.0,-2.0
2026-07-21,08:30 Morning TOP 5,7011.JP,三菱重工業,1488748.4,1401.0,TP_HIT,56870.2,3.82
2026-07-21,08:30 Morning TOP 5,6501.JP,日立製作所,1488748.4,2303.0,TP_HIT,51064.1,3.43
2026-07-21,08:30 Morning TOP 5,8058.JP,三菱商事,1488748.4,2381.0,SL_HIT,-30370.5,-2.04
2026-07-21,10:30 Intraday TOP 3,3103.JP,ユニチカ,1654164.9,5959.0,TP_HIT,64347.0,3.89
2026-07-21,10:30 Intraday TOP 3,7094.JP,ネクストーン,1654164.9,5321.0,TP_HIT,63354.5,3.83
2026-07-21,10:30 Intraday TOP 3,4635.JP,東インキ,1654164.9,4867.0,SL_HIT,-35233.7,-2.13
2026-07-21,10:30 Intraday TOP 3,4052.JP,フィーチャ,1654164.9,4137.0,TP_HIT,58061.2,3.51
2026-07-21,10:30 Intraday TOP 3,4404.JP,ミヨシ油脂,1654164.9,3602.0,TP_HIT,62692.9,3.79
2026-07-21,10:30 Intraday TOP 3,6998.JP,タングス,1654164.9,3094.0,SL_HIT,-34737.5,-2.1
2026-07-22,08:30 Morning TOP 5,6645.JP,オムロン,1516715.1,2961.0,TP_HIT,55663.4,3.67
2026-07-22,08:30 Morning TOP 5,8035.JP,東京エレクトロン,1516715.1,2947.0,TP_HIT,53995.1,3.56
2026-07-22,08:30 Morning TOP 5,7203.JP,トヨタ自動車,1516715.1,5047.0,TP_HIT,51265.0,3.38
2026-07-22,08:30 Morning TOP 5,6146.JP,ディスコ,1516715.1,5343.0,SL_HIT,-29879.3,-1.97
2026-07-22,08:30 Morning TOP 5,9984.JP,ソフトバンクグループ,1516715.1,5078.0,TP_HIT,53843.4,3.55
2026-07-22,08:30 Morning TOP 5,6920.JP,レーザーテック,1516715.1,2640.0,TP_HIT,59000.2,3.89
2026-07-22,08:30 Morning TOP 5,6861.JP,キーエンス,1516715.1,5014.0,SL_HIT,-30334.3,-2.0
2026-07-22,08:30 Morning TOP 5,7011.JP,三菱重工業,1516715.1,2764.0,SL_HIT,-30334.3,-2.0
2026-07-22,08:30 Morning TOP 5,6501.JP,日立製作所,1516715.1,3120.0,TP_HIT,52023.3,3.43
2026-07-22,08:30 Morning TOP 5,8058.JP,三菱商事,1516715.1,3843.0,TP_HIT,54601.7,3.6
2026-07-22,10:30 Intraday TOP 3,3103.JP,ユニチカ,1685239.0,3570.0,TP_HIT,65555.8,3.89
2026-07-22,10:30 Intraday TOP 3,7094.JP,ネクストーン,1685239.0,4027.0,SL_HIT,-34715.9,-2.06
2026-07-22,10:30 Intraday TOP 3,4635.JP,東インキ,1685239.0,5025.0,TP_HIT,62859.4,3.73
2026-07-22,10:30 Intraday TOP 3,4052.JP,フィーチャ,1685239.0,3124.0,TP_HIT,59151.9,3.51
2026-07-22,10:30 Intraday TOP 3,4404.JP,ミヨシ油脂,1685239.0,1717.0,SL_HIT,-35390.0,-2.1
2026-07-22,10:30 Intraday TOP 3,6998.JP,タングス,1685239.0,1006.0,SL_HIT,-35390.0,-2.1
2026-07-23,08:30 Morning TOP 5,6645.JP,オムロン,1539030.0,3348.0,TP_HIT,56482.4,3.67
2026-07-23,08:30 Morning TOP 5,8035.JP,東京エレクトロン,1539030.0,1314.0,SL_HIT,-30165.0,-1.96
2026-07-23,08:30 Morning TOP 5,7203.JP,トヨタ自動車,1539030.0,1734.0,TP_HIT,52019.2,3.38
2026-07-23,08:30 Morning TOP 5,6146.JP,ディスコ,1539030.0,4301.0,SL_HIT,-30318.9,-1.97
2026-07-23,08:30 Morning TOP 5,9984.JP,ソフトバンクグループ,1539030.0,5388.0,TP_HIT,54635.6,3.55
2026-07-23,08:30 Morning TOP 5,6920.JP,レーザーテック,1539030.0,5393.0,TP_HIT,59868.3,3.89
2026-07-23,08:30 Morning TOP 5,6861.JP,キーエンス,1539030.0,5655.0,SL_HIT,-30780.6,-2.0
2026-07-23,08:30 Morning TOP 5,7011.JP,三菱重工業,1539030.0,5152.0,TP_HIT,58790.9,3.82
2026-07-23,08:30 Morning TOP 5,6501.JP,日立製作所,1539030.0,4574.0,TP_HIT,52788.7,3.43
2026-07-23,08:30 Morning TOP 5,8058.JP,三菱商事,1539030.0,3286.0,SL_HIT,-31396.2,-2.04
2026-07-23,10:30 Intraday TOP 3,3103.JP,ユニチカ,1710033.3,1560.0,SL_HIT,-36594.7,-2.14
2026-07-23,10:30 Intraday TOP 3,7094.JP,ネクストーン,1710033.3,2931.0,TP_HIT,65494.3,3.83
2026-07-23,10:30 Intraday TOP 3,4635.JP,東インキ,1710033.3,4572.0,TP_HIT,63784.2,3.73
2026-07-23,10:30 Intraday TOP 3,4052.JP,フィーチャ,1710033.3,2059.0,TP_HIT,60022.2,3.51
2026-07-23,10:30 Intraday TOP 3,4404.JP,ミヨシ油脂,1710033.3,2389.0,TP_HIT,64810.3,3.79
2026-07-23,10:30 Intraday TOP 3,6998.JP,タングス,1710033.3,4652.0,TP_HIT,67204.3,3.93
2026-07-24,08:30 Morning TOP 5,6645.JP,オムロン,1568828.7,4929.0,TP_HIT,57576.0,3.67
2026-07-24,08:30 Morning TOP 5,8035.JP,東京エレクトロン,1568828.7,3167.0,SL_HIT,-30749.0,-1.96
2026-07-24,08:30 Morning TOP 5,7203.JP,トヨタ自動車,1568828.7,5751.0,TP_HIT,53026.4,3.38
2026-07-24,08:30 Morning TOP 5,6146.JP,ディスコ,1568828.7,2332.0,TP_HIT,56164.1,3.58
2026-07-24,08:30 Morning TOP 5,9984.JP,ソフトバンクグループ,1568828.7,2132.0,TP_HIT,55693.4,3.55
2026-07-24,08:30 Morning TOP 5,6920.JP,レーザーテック,1568828.7,1449.0,SL_HIT,-31690.3,-2.02
2026-07-24,08:30 Morning TOP 5,6861.JP,キーエンス,1568828.7,2437.0,TP_HIT,52398.9,3.34
2026-07-24,08:30 Morning TOP 5,7011.JP,三菱重工業,1568828.7,2702.0,TP_HIT,59929.3,3.82
2026-07-24,08:30 Morning TOP 5,6501.JP,日立製作所,1568828.7,2668.0,TP_HIT,53810.8,3.43
2026-07-24,08:30 Morning TOP 5,8058.JP,三菱商事,1568828.7,1563.0,TP_HIT,56477.8,3.6
2026-07-24,10:30 Intraday TOP 3,3103.JP,ユニチカ,1743143.0,2844.0,TP_HIT,67808.3,3.89
2026-07-24,10:30 Intraday TOP 3,7094.JP,ネクストーン,1743143.0,5174.0,SL_HIT,-35908.7,-2.06
2026-07-24,10:30 Intraday TOP 3,4635.JP,東インキ,1743143.0,3232.0,SL_HIT,-37128.9,-2.13
2026-07-24,10:30 Intraday TOP 3,4052.JP,フィーチャ,1743143.0,4869.0,TP_HIT,61184.3,3.51
2026-07-24,10:30 Intraday TOP 3,4404.JP,ミヨシ油脂,1743143.0,3228.0,TP_HIT,66065.1,3.79
2026-07-24,10:30 Intraday TOP 3,6998.JP,タングス,1743143.0,4386.0,SL_HIT,-36606.0,-2.1
2026-07-27,08:30 Morning TOP 5,6645.JP,オムロン,1596911.8,5001.0,SL_HIT,-32417.3,-2.03
2026-07-27,08:30 Morning TOP 5,8035.JP,東京エレクトロン,1596911.8,5128.0,TP_HIT,56850.1,3.56
2026-07-27,08:30 Morning TOP 5,7203.JP,トヨタ自動車,1596911.8,4507.0,TP_HIT,53975.6,3.38
2026-07-27,08:30 Morning TOP 5,6146.JP,ディスコ,1596911.8,4050.0,TP_HIT,57169.4,3.58
2026-07-27,08:30 Morning TOP 5,9984.JP,ソフトバンクグループ,1596911.8,5108.0,TP_HIT,56690.4,3.55
2026-07-27,08:30 Morning TOP 5,6920.JP,レーザーテック,1596911.8,1246.0,SL_HIT,-32257.6,-2.02
2026-07-27,08:30 Morning TOP 5,6861.JP,キーエンス,1596911.8,1635.0,SL_HIT,-31938.2,-2.0
2026-07-27,08:30 Morning TOP 5,7011.JP,三菱重工業,1596911.8,4630.0,SL_HIT,-31938.2,-2.0
2026-07-27,08:30 Morning TOP 5,6501.JP,日立製作所,1596911.8,2984.0,TP_HIT,54774.1,3.43
2026-07-27,08:30 Morning TOP 5,8058.JP,三菱商事,1596911.8,3684.0,TP_HIT,57488.8,3.6
2026-07-27,10:30 Intraday TOP 3,3103.JP,ユニチカ,1774346.4,1215.0,SL_HIT,-37971.0,-2.14
2026-07-27,10:30 Intraday TOP 3,7094.JP,ネクストーン,1774346.4,3533.0,SL_HIT,-36551.5,-2.06
2026-07-27,10:30 Intraday TOP 3,4635.JP,東インキ,1774346.4,2674.0,TP_HIT,66183.1,3.73
2026-07-27,10:30 Intraday TOP 3,4052.JP,フィーチャ,1774346.4,2320.0,SL_HIT,-37793.6,-2.13
2026-07-27,10:30 Intraday TOP 3,4404.JP,ミヨシ油脂,1774346.4,4530.0,SL_HIT,-37261.3,-2.1
2026-07-27,10:30 Intraday TOP 3,6998.JP,タングス,1774346.4,2902.0,TP_HIT,69731.8,3.93
2026-07-28,08:30 Morning TOP 5,6645.JP,オムロン,1608595.9,5549.0,TP_HIT,59035.5,3.67
2026-07-28,08:30 Morning TOP 5,8035.JP,東京エレクトロン,1608595.9,3249.0,TP_HIT,57266.0,3.56
2026-07-28,08:30 Morning TOP 5,7203.JP,トヨタ自動車,1608595.9,4344.0,TP_HIT,54370.5,3.38
2026-07-28,08:30 Morning TOP 5,6146.JP,ディスコ,1608595.9,3417.0,TP_HIT,57587.7,3.58
2026-07-28,08:30 Morning TOP 5,9984.JP,ソフトバンクグループ,1608595.9,2036.0,SL_HIT,-32171.9,-2.0
2026-07-28,08:30 Morning TOP 5,6920.JP,レーザーテック,1608595.9,4059.0,TP_HIT,62574.4,3.89
2026-07-28,08:30 Morning TOP 5,6861.JP,キーエンス,1608595.9,1154.0,TP_HIT,53727.1,3.34
2026-07-28,08:30 Morning TOP 5,7011.JP,三菱重工業,1608595.9,1887.0,TP_HIT,61448.4,3.82
2026-07-28,08:30 Morning TOP 5,6501.JP,日立製作所,1608595.9,4735.0,TP_HIT,55174.8,3.43
2026-07-28,08:30 Morning TOP 5,8058.JP,三菱商事,1608595.9,3276.0,SL_HIT,-32815.4,-2.04
2026-07-28,10:30 Intraday TOP 3,3103.JP,ユニチカ,1787328.7,2908.0,TP_HIT,69527.1,3.89
2026-07-28,10:30 Intraday TOP 3,7094.JP,ネクストーン,1787328.7,3080.0,TP_HIT,68454.7,3.83
2026-07-28,10:30 Intraday TOP 3,4635.JP,東インキ,1787328.7,3434.0,SL_HIT,-38070.1,-2.13
2026-07-28,10:30 Intraday TOP 3,4052.JP,フィーチャ,1787328.7,5936.0,TP_HIT,62735.2,3.51
2026-07-28,10:30 Intraday TOP 3,4404.JP,ミヨシ油脂,1787328.7,2116.0,TP_HIT,67739.8,3.79
2026-07-28,10:30 Intraday TOP 3,6998.JP,タングス,1787328.7,4584.0,TP_HIT,70242.0,3.93
2026-07-29,08:30 Morning TOP 5,6645.JP,オムロン,1650405.4,3529.0,TP_HIT,60569.9,3.67
2026-07-29,08:30 Morning TOP 5,8035.JP,東京エレクトロン,1650405.4,2647.0,TP_HIT,58754.4,3.56
2026-07-29,08:30 Morning TOP 5,7203.JP,トヨタ自動車,1650405.4,1574.0,TP_HIT,55783.7,3.38
2026-07-29,08:30 Morning TOP 5,6146.JP,ディスコ,1650405.4,2008.0,TP_HIT,59084.5,3.58
2026-07-29,08:30 Morning TOP 5,9984.JP,ソフトバンクグループ,1650405.4,2436.0,SL_HIT,-33008.1,-2.0
2026-07-29,08:30 Morning TOP 5,6920.JP,レーザーテック,1650405.4,2888.0,TP_HIT,64200.8,3.89
2026-07-29,08:30 Morning TOP 5,6861.JP,キーエンス,1650405.4,4537.0,TP_HIT,55123.5,3.34
2026-07-29,08:30 Morning TOP 5,7011.JP,三菱重工業,1650405.4,1286.0,TP_HIT,63045.5,3.82
2026-07-29,08:30 Morning TOP 5,6501.JP,日立製作所,1650405.4,4764.0,TP_HIT,56608.9,3.43
2026-07-29,08:30 Morning TOP 5,8058.JP,三菱商事,1650405.4,4295.0,TP_HIT,59414.6,3.6
2026-07-29,10:30 Intraday TOP 3,3103.JP,ユニチカ,1833783.8,1965.0,TP_HIT,71334.2,3.89
2026-07-29,10:30 Intraday TOP 3,7094.JP,ネクストーン,1833783.8,1271.0,SL_HIT,-37775.9,-2.06
2026-07-29,10:30 Intraday TOP 3,4635.JP,東インキ,1833783.8,3704.0,TP_HIT,68400.1,3.73
2026-07-29,10:30 Intraday TOP 3,4052.JP,フィーチャ,1833783.8,3054.0,TP_HIT,64365.8,3.51
2026-07-29,10:30 Intraday TOP 3,4404.JP,ミヨシ油脂,1833783.8,2583.0,TP_HIT,69500.4,3.79
2026-07-29,10:30 Intraday TOP 3,6998.JP,タングス,1833783.8,5342.0,SL_HIT,-38509.5,-2.1
2026-07-30,08:30 Morning TOP 5,6645.JP,オムロン,1692219.0,2888.0,TP_HIT,62104.4,3.67
2026-07-30,08:30 Morning TOP 5,8035.JP,東京エレクトロン,1692219.0,5844.0,TP_HIT,60243.0,3.56
2026-07-30,08:30 Morning TOP 5,7203.JP,トヨタ自動車,1692219.0,2812.0,TP_HIT,57197.0,3.38
2026-07-30,08:30 Morning TOP 5,6146.JP,ディスコ,1692219.0,5565.0,SL_HIT,-33336.7,-1.97
2026-07-30,08:30 Morning TOP 5,9984.JP,ソフトバンクグループ,1692219.0,5151.0,TP_HIT,60073.8,3.55
2026-07-30,08:30 Morning TOP 5,6920.JP,レーザーテック,1692219.0,1673.0,SL_HIT,-34182.8,-2.02
2026-07-30,08:30 Morning TOP 5,6861.JP,キーエンス,1692219.0,3957.0,TP_HIT,56520.1,3.34
2026-07-30,08:30 Morning TOP 5,7011.JP,三菱重工業,1692219.0,2016.0,TP_HIT,64642.8,3.82
2026-07-30,08:30 Morning TOP 5,6501.JP,日立製作所,1692219.0,2461.0,TP_HIT,58043.1,3.43
2026-07-30,08:30 Morning TOP 5,8058.JP,三菱商事,1692219.0,1269.0,TP_HIT,60919.9,3.6
2026-07-30,10:30 Intraday TOP 3,3103.JP,ユニチカ,1880243.3,3393.0,TP_HIT,73141.5,3.89
2026-07-30,10:30 Intraday TOP 3,7094.JP,ネクストーン,1880243.3,2007.0,TP_HIT,72013.3,3.83
2026-07-30,10:30 Intraday TOP 3,4635.JP,東インキ,1880243.3,4225.0,SL_HIT,-40049.2,-2.13
2026-07-30,10:30 Intraday TOP 3,4052.JP,フィーチャ,1880243.3,4066.0,TP_HIT,65996.5,3.51
2026-07-30,10:30 Intraday TOP 3,4404.JP,ミヨシ油脂,1880243.3,5567.0,TP_HIT,71261.2,3.79
2026-07-30,10:30 Intraday TOP 3,6998.JP,タングス,1880243.3,5177.0,TP_HIT,73893.6,3.93
2026-07-31,08:30 Morning TOP 5,6645.JP,オムロン,1735927.9,4454.0,TP_HIT,63708.6,3.67
2026-07-31,08:30 Morning TOP 5,8035.JP,東京エレクトロン,1735927.9,2160.0,TP_HIT,61799.0,3.56
2026-07-31,08:30 Morning TOP 5,7203.JP,トヨタ自動車,1735927.9,3106.0,TP_HIT,58674.4,3.38
2026-07-31,08:30 Morning TOP 5,6146.JP,ディスコ,1735927.9,1565.0,TP_HIT,62146.2,3.58
2026-07-31,08:30 Morning TOP 5,9984.JP,ソフトバンクグループ,1735927.9,5731.0,SL_HIT,-34718.6,-2.0
2026-07-31,08:30 Morning TOP 5,6920.JP,レーザーテック,1735927.9,1656.0,SL_HIT,-35065.7,-2.02
2026-07-31,08:30 Morning TOP 5,6861.JP,キーエンス,1735927.9,1503.0,TP_HIT,57980.0,3.34
2026-07-31,08:30 Morning TOP 5,7011.JP,三菱重工業,1735927.9,4874.0,TP_HIT,66312.4,3.82
2026-07-31,08:30 Morning TOP 5,6501.JP,日立製作所,1735927.9,5793.0,TP_HIT,59542.3,3.43
2026-07-31,08:30 Morning TOP 5,8058.JP,三菱商事,1735927.9,5385.0,TP_HIT,62493.4,3.6
2026-07-31,10:30 Intraday TOP 3,3103.JP,ユニチカ,1928808.7,3279.0,TP_HIT,75030.7,3.89
2026-07-31,10:30 Intraday TOP 3,7094.JP,ネクストーン,1928808.7,2053.0,TP_HIT,73873.4,3.83
2026-07-31,10:30 Intraday TOP 3,4635.JP,東インキ,1928808.7,2581.0,SL_HIT,-41083.6,-2.13
2026-07-31,10:30 Intraday TOP 3,4052.JP,フィーチャ,1928808.7,3660.0,SL_HIT,-41083.6,-2.13
2026-07-31,10:30 Intraday TOP 3,4404.JP,ミヨシ油脂,1928808.7,3868.0,TP_HIT,73101.9,3.79
2026-07-31,10:30 Intraday TOP 3,6998.JP,タングス,1928808.7,3569.0,TP_HIT,75802.2,3.93
2026-08-03,08:30 Morning TOP 5,6645.JP,オムロン,1774238.6,2373.0,TP_HIT,65114.6,3.67
2026-08-03,08:30 Morning TOP 5,8035.JP,東京エレクトロン,1774238.6,3200.0,TP_HIT,63162.9,3.56
2026-08-03,08:30 Morning TOP 5,7203.JP,トヨタ自動車,1774238.6,4498.0,TP_HIT,59969.3,3.38
2026-08-03,08:30 Morning TOP 5,6146.JP,ディスコ,1774238.6,2245.0,TP_HIT,63517.7,3.58
2026-08-03,08:30 Morning TOP 5,9984.JP,ソフトバンクグループ,1774238.6,3171.0,SL_HIT,-35484.8,-2.0
2026-08-03,08:30 Morning TOP 5,6920.JP,レーザーテック,1774238.6,3760.0,TP_HIT,69017.9,3.89
2026-08-03,08:30 Morning TOP 5,6861.JP,キーエンス,1774238.6,3353.0,TP_HIT,59259.6,3.34
2026-08-03,08:30 Morning TOP 5,7011.JP,三菱重工業,1774238.6,2193.0,TP_HIT,67775.9,3.82
2026-08-03,08:30 Morning TOP 5,6501.JP,日立製作所,1774238.6,1506.0,TP_HIT,60856.4,3.43
2026-08-03,08:30 Morning TOP 5,8058.JP,三菱商事,1774238.6,2977.0,TP_HIT,63872.6,3.6
2026-08-03,10:30 Intraday TOP 3,3103.JP,ユニチカ,1971376.3,3534.0,SL_HIT,-42187.5,-2.14
2026-08-03,10:30 Intraday TOP 3,7094.JP,ネクストーン,1971376.3,3084.0,SL_HIT,-40610.4,-2.06
2026-08-03,10:30 Intraday TOP 3,4635.JP,東インキ,1971376.3,4368.0,SL_HIT,-41990.3,-2.13
2026-08-03,10:30 Intraday TOP 3,4052.JP,フィーチャ,1971376.3,3656.0,TP_HIT,69195.3,3.51
2026-08-03,10:30 Intraday TOP 3,4404.JP,ミヨシ油脂,1971376.3,1475.0,TP_HIT,74715.2,3.79
2026-08-03,10:30 Intraday TOP 3,6998.JP,タングス,1971376.3,5350.0,TP_HIT,77475.1,3.93
2026-08-04,08:30 Morning TOP 5,6645.JP,オムロン,1812258.2,1913.0,TP_HIT,66509.9,3.67
2026-08-04,08:30 Morning TOP 5,8035.JP,東京エレクトロン,1812258.2,1732.0,SL_HIT,-35520.3,-1.96
2026-08-04,08:30 Morning TOP 5,7203.JP,トヨタ自動車,1812258.2,5992.0,TP_HIT,61254.3,3.38
2026-08-04,08:30 Morning TOP 5,6146.JP,ディスコ,1812258.2,1720.0,TP_HIT,64878.8,3.58
2026-08-04,08:30 Morning TOP 5,9984.JP,ソフトバンクグループ,1812258.2,4901.0,TP_HIT,64335.2,3.55
2026-08-04,08:30 Morning TOP 5,6920.JP,レーザーテック,1812258.2,3136.0,TP_HIT,70496.8,3.89
2026-08-04,08:30 Morning TOP 5,6861.JP,キーエンス,1812258.2,3561.0,TP_HIT,60529.4,3.34
2026-08-04,08:30 Morning TOP 5,7011.JP,三菱重工業,1812258.2,5761.0,TP_HIT,69228.3,3.82
2026-08-04,08:30 Morning TOP 5,6501.JP,日立製作所,1812258.2,4435.0,TP_HIT,62160.5,3.43
2026-08-04,08:30 Morning TOP 5,8058.JP,三菱商事,1812258.2,3589.0,SL_HIT,-36970.1,-2.04
2026-08-04,10:30 Intraday TOP 3,3103.JP,ユニチカ,2013620.2,4590.0,SL_HIT,-43091.5,-2.14
2026-08-04,10:30 Intraday TOP 3,7094.JP,ネクストーン,2013620.2,4382.0,TP_HIT,77121.7,3.83
2026-08-04,10:30 Intraday TOP 3,4635.JP,東インキ,2013620.2,5822.0,TP_HIT,75108.0,3.73
2026-08-04,10:30 Intraday TOP 3,4052.JP,フィーチャ,2013620.2,2266.0,TP_HIT,70678.1,3.51
2026-08-04,10:30 Intraday TOP 3,4404.JP,ミヨシ油脂,2013620.2,3561.0,TP_HIT,76316.2,3.79
2026-08-04,10:30 Intraday TOP 3,6998.JP,タングス,2013620.2,1927.0,TP_HIT,79135.3,3.93
2026-08-05,08:30 Morning TOP 5,6645.JP,オムロン,1859188.4,2359.0,TP_HIT,68232.2,3.67
2026-08-05,08:30 Morning TOP 5,8035.JP,東京エレクトロン,1859188.4,1285.0,TP_HIT,66187.1,3.56
2026-08-05,08:30 Morning TOP 5,7203.JP,トヨタ自動車,1859188.4,1501.0,TP_HIT,62840.6,3.38
2026-08-05,08:30 Morning TOP 5,6146.JP,ディスコ,1859188.4,2602.0,TP_HIT,66558.9,3.58
2026-08-05,08:30 Morning TOP 5,9984.JP,ソフトバンクグループ,1859188.4,3708.0,TP_HIT,66001.2,3.55
2026-08-05,08:30 Morning TOP 5,6920.JP,レーザーテック,1859188.4,4919.0,SL_HIT,-37555.6,-2.02
2026-08-05,08:30 Morning TOP 5,6861.JP,キーエンス,1859188.4,2894.0,SL_HIT,-37183.8,-2.0
2026-08-05,08:30 Morning TOP 5,7011.JP,三菱重工業,1859188.4,3030.0,TP_HIT,71021.0,3.82
2026-08-05,08:30 Morning TOP 5,6501.JP,日立製作所,1859188.4,4471.0,SL_HIT,-36811.9,-1.98
2026-08-05,08:30 Morning TOP 5,8058.JP,三菱商事,1859188.4,4895.0,TP_HIT,66930.8,3.6
2026-08-05,10:30 Intraday TOP 3,3103.JP,ユニチカ,2065764.9,4097.0,SL_HIT,-44207.4,-2.14
2026-08-05,10:30 Intraday TOP 3,7094.JP,ネクストーン,2065764.9,3159.0,SL_HIT,-42554.8,-2.06
2026-08-05,10:30 Intraday TOP 3,4635.JP,東インキ,2065764.9,3650.0,TP_HIT,77053.0,3.73
2026-08-05,10:30 Intraday TOP 3,4052.JP,フィーチャ,2065764.9,5205.0,TP_HIT,72508.3,3.51
2026-08-05,10:30 Intraday TOP 3,4404.JP,ミヨシ油脂,2065764.9,1252.0,TP_HIT,78292.5,3.79
2026-08-05,10:30 Intraday TOP 3,6998.JP,タングス,2065764.9,2316.0,TP_HIT,81184.6,3.93
2026-08-06,08:30 Morning TOP 5,6645.JP,オムロン,1893898.3,5916.0,TP_HIT,69506.1,3.67
2026-08-06,08:30 Morning TOP 5,8035.JP,東京エレクトロン,1893898.3,5934.0,TP_HIT,67422.8,3.56
2026-08-06,08:30 Morning TOP 5,7203.JP,トヨタ自動車,1893898.3,3521.0,TP_HIT,64013.8,3.38
2026-08-06,08:30 Morning TOP 5,6146.JP,ディスコ,1893898.3,2362.0,SL_HIT,-37309.8,-1.97
2026-08-06,08:30 Morning TOP 5,9984.JP,ソフトバンクグループ,1893898.3,1875.0,SL_HIT,-37878.0,-2.0
2026-08-06,08:30 Morning TOP 5,6920.JP,レーザーテック,1893898.3,4123.0,TP_HIT,73672.6,3.89
2026-08-06,08:30 Morning TOP 5,6861.JP,キーエンス,1893898.3,3744.0,TP_HIT,63256.2,3.34
2026-08-06,08:30 Morning TOP 5,7011.JP,三菱重工業,1893898.3,2356.0,TP_HIT,72346.9,3.82
2026-08-06,08:30 Morning TOP 5,6501.JP,日立製作所,1893898.3,3136.0,TP_HIT,64960.7,3.43
2026-08-06,08:30 Morning TOP 5,8058.JP,三菱商事,1893898.3,5871.0,SL_HIT,-38635.5,-2.04
2026-08-06,10:30 Intraday TOP 3,3103.JP,ユニチカ,2104331.4,5980.0,TP_HIT,81858.5,3.89
2026-08-06,10:30 Intraday TOP 3,7094.JP,ネクストーン,2104331.4,1612.0,TP_HIT,80595.9,3.83
2026-08-06,10:30 Intraday TOP 3,4635.JP,東インキ,2104331.4,5372.0,TP_HIT,78491.6,3.73
2026-08-06,10:30 Intraday TOP 3,4052.JP,フィーチャ,2104331.4,2357.0,TP_HIT,73862.0,3.51
2026-08-06,10:30 Intraday TOP 3,4404.JP,ミヨシ油脂,2104331.4,4379.0,TP_HIT,79754.2,3.79
2026-08-06,10:30 Intraday TOP 3,6998.JP,タングス,2104331.4,2918.0,SL_HIT,-44191.0,-2.1
2026-08-07,08:30 Morning TOP 5,6645.JP,オムロン,1936601.9,1512.0,TP_HIT,71073.3,3.67
2026-08-07,08:30 Morning TOP 5,8035.JP,東京エレクトロン,1936601.9,3842.0,TP_HIT,68943.0,3.56
2026-08-07,08:30 Morning TOP 5,7203.JP,トヨタ自動車,1936601.9,5762.0,TP_HIT,65457.1,3.38
2026-08-07,08:30 Morning TOP 5,6146.JP,ディスコ,1936601.9,2034.0,SL_HIT,-38151.1,-1.97
2026-08-07,08:30 Morning TOP 5,9984.JP,ソフトバンクグループ,1936601.9,2360.0,SL_HIT,-38732.0,-2.0
2026-08-07,08:30 Morning TOP 5,6920.JP,レーザーテック,1936601.9,1070.0,TP_HIT,75333.8,3.89
2026-08-07,08:30 Morning TOP 5,6861.JP,キーエンス,1936601.9,2061.0,TP_HIT,64682.5,3.34
2026-08-07,08:30 Morning TOP 5,7011.JP,三菱重工業,1936601.9,1341.0,TP_HIT,73978.2,3.82
2026-08-07,08:30 Morning TOP 5,6501.JP,日立製作所,1936601.9,2663.0,TP_HIT,66425.4,3.43
2026-08-07,08:30 Morning TOP 5,8058.JP,三菱商事,1936601.9,2010.0,SL_HIT,-39506.7,-2.04
2026-08-07,10:30 Intraday TOP 3,3103.JP,ユニチカ,2151779.9,2432.0,TP_HIT,83704.2,3.89
2026-08-07,10:30 Intraday TOP 3,7094.JP,ネクストーン,2151779.9,5346.0,TP_HIT,82413.2,3.83
2026-08-07,10:30 Intraday TOP 3,4635.JP,東インキ,2151779.9,1366.0,TP_HIT,80261.4,3.73
2026-08-07,10:30 Intraday TOP 3,4052.JP,フィーチャ,2151779.9,3609.0,TP_HIT,75527.5,3.51
2026-08-07,10:30 Intraday TOP 3,4404.JP,ミヨシ油脂,2151779.9,3462.0,TP_HIT,81552.5,3.79
2026-08-07,10:30 Intraday TOP 3,6998.JP,タングス,2151779.9,3722.0,SL_HIT,-45187.4,-2.1
